,sID,Bigram #,Trial #,bigram_loc,Bigram,corr_bigram,IKI,string,resp_string,rep #,bg_freq,bf_type,meanbf_type,wf_type
0,s190,0,0,0,'h' 'a',ha,0.21606434183195233,haole,haole,0,6967591,high,med,low
1,s190,1,0,1, 'a' 'o',ao,0.4239808851853013,haole,haole,0,25487,low,med,low
2,s190,2,0,2, 'o' 'l',ol,0.19189906888641417,haole,haole,0,1804856,med,med,low
3,s190,3,0,3, 'l' 'e',le,0.09611824504099786,haole,haole,0,5038239,high,med,low
4,s190,4,1,0,'c' 'o',co,0.11207537981681526,cooed,cooed,0,3609272,med,med,low
5,s190,5,1,1, 'o' 'o',oo,0.15999862202443182,cooed,cooed,0,1933683,med,med,low
6,s190,6,1,2, 'o' 'e',oe,0.12804125901311636,cooed,cooed,0,270012,low,med,low
7,s190,7,1,3, 'e' 'd',ed,0.1678777530323714,cooed,cooed,0,7805967,high,med,low
8,s190,8,2,0,'c' 'h',ch,0.08801528508774936,champ,champ,0,3267507,med,med,med
9,s190,9,2,1, 'h' 'a',ha,0.13595042610540986,champ,champ,0,6967591,high,med,med
10,s190,10,2,2, 'a' 'm',am,0.08004439785145223,champ,champ,0,1610395,med,med,med
11,s190,11,2,3, 'm' 'p',mp,0.2398922829888761,champ,champ,0,1042198,med,med,med
12,s190,12,3,0,'h' 'e',he,0.21604862390086055,heond,heond,0,21484684,high,high,pseudo
13,s190,13,3,1, 'e' 'o',eo,0.26393288001418114,heond,heond,0,305120,low,high,pseudo
14,s190,14,3,2, 'o' 'n',on,0.1919901049695909,heond,heond,0,8830487,high,high,pseudo
15,s190,15,3,3, 'n' 'd',nd,0.15196523792110384,heond,heond,0,9414961,high,high,pseudo
16,s190,16,4,0,'l' 'u',lu,0.2240251349285245,lucky,lucky,0,568081,med,low,high
17,s190,17,4,1, 'u' 'c',uc,0.08793042413890362,lucky,lucky,0,891233,med,low,high
18,s190,18,4,2, 'c' 'k',ck,0.12806442682631314,lucky,lucky,0,925655,med,low,high
19,s190,19,4,3, 'k' 'y',ky,0.08791512507013977,lucky,lucky,0,49764,low,low,high
20,s190,20,5,0,'a' 'b',ab,0.20808907109312713,about,about,0,1203849,med,med,high
21,s190,21,5,1, 'b' 'o',bo,0.07195715187117457,about,about,0,1140702,med,med,high
22,s190,22,5,2, 'o' 'u',ou,0.1280123081523925,about,about,0,7425307,high,med,high
23,s190,23,5,3, 'u' 't',ut,0.07200182997621596,about,about,0,3257233,med,med,high
24,s190,24,6,0,'t' 'i',ti,0.18394077406264842,tithe,tithe,0,5135552,high,high,low
25,s190,25,6,1, 'i' 't',it,0.15997866401448846,tithe,tithe,0,6637233,high,high,low
26,s190,26,6,2, 't' 'h',th,0.15210191602818668,tithe,tithe,0,22288309,high,high,low
27,s190,27,6,3, 'h' 'e',he,0.1760515437927097,tithe,tithe,0,21484684,high,high,low
28,s190,28,7,0,'t' 'h',th,0.07214134419336915,theme,theme,0,22288309,high,high,med
29,s190,29,7,1, 'h' 'e',he,0.14392184489406645,theme,theme,0,21484684,high,high,med
30,s190,30,7,2, 'e' 'm',em,0.1360199588816613,theme,theme,0,2039661,med,high,med
31,s190,31,7,3, 'm' 'e',me,0.05601986520923674,theme,theme,0,4724108,med,high,med
32,s190,32,8,0,'a' 'b',ab,0.20801204885356128,about,about,1,1203849,med,med,high
33,s190,33,8,1, 'b' 'o',bo,0.06395048415288329,about,about,1,1140702,med,med,high
34,s190,34,8,2, 'o' 'u',ou,0.1280382398981601,about,about,1,7425307,high,med,high
35,s190,35,8,3, 'u' 't',ut,0.07993780309334397,about,about,1,3257233,med,med,high
36,s190,36,9,0,'t' 'h',th,0.040000719018280506,there,there,0,22288309,high,high,high
37,s190,37,9,1, 'h' 'e',he,0.12809323915280402,there,there,0,21484684,high,high,high
38,s190,38,9,2, 'e' 'r',er,0.1519674640148878,there,there,0,12934901,high,high,high
39,s190,39,9,3, 'r' 'e',re,0.14399139885790646,there,there,0,10687711,high,high,high
40,s190,40,10,0,'t' 'i',ti,0.8879928870592266,tithe,tithe,1,5135552,high,high,low
41,s190,41,10,1, 'i' 't',it,0.5999887599609792,tithe,tithe,1,6637233,high,high,low
42,s190,42,10,2, 't' 'h',th,0.1838961059693247,tithe,tithe,1,22288309,high,high,low
43,s190,43,10,3, 'h' 'e',he,0.12012663600035012,tithe,tithe,1,21484684,high,high,low
44,s190,44,11,0,'t' 'h',th,0.08797596418298781,think,think,0,22288309,high,high,high
45,s190,45,11,1, 'h' 'i',hi,0.12803420796990395,think,think,0,6198006,high,high,high
46,s190,46,11,2, 'i' 'n',in,0.13595192995853722,think,think,0,13597302,high,high,high
47,s190,47,11,3, 'n' 'k',nk,0.12792559689842165,think,think,0,445067,low,high,high
48,s190,48,12,0,'k' 'r',kr,0.07997226505540311,kremp,kremp,0,5683,low,med,pseudo
49,s190,49,12,1, 'r' 'e',re,0.16005827789194882,kremp,kremp,0,10687711,high,med,pseudo
50,s190,50,12,2, 'e' 'm',em,0.06400041515007615,kremp,kremp,0,2039661,med,med,pseudo
51,s190,51,12,3, 'm' 'p',mp,0.15994536690413952,kremp,kremp,0,1042198,med,med,pseudo
52,s190,52,13,0,'c' 'h',ch,0.09586145495995879,champ,champ,1,3267507,med,med,med
53,s190,53,13,1, 'h' 'a',ha,0.12014504102990031,champ,champ,1,6967591,high,med,med
54,s190,54,13,2, 'a' 'm',am,0.0799066899344325,champ,champ,1,1610395,med,med,med
55,s190,55,13,3, 'm' 'p',mp,0.1441212580539286,champ,champ,1,1042198,med,med,med
56,s190,56,14,0,'b' 'u',bu,0.14400452701374888,buddy,buddy,0,1183063,med,low,high
57,s190,57,14,1, 'u' 'd',ud,0.0879861528519541,buddy,buddy,0,458716,low,low,high
58,s190,58,14,2, 'd' 'd',dd,0.1200548680499196,buddy,buddy,0,306083,low,low,high
59,s190,59,14,3, 'd' 'y',dy,0.055882903980091214,buddy,buddy,0,360103,low,low,high
60,s190,60,15,0,'t' 'h',th,0.06401777593418956,theme,theme,1,22288309,high,high,med
61,s190,61,15,1, 'h' 'e',he,0.11989485286176205,theme,theme,1,21484684,high,high,med
62,s190,62,15,2, 'e' 'm',em,0.10401070001535118,theme,theme,1,2039661,med,high,med
63,s190,63,15,3, 'm' 'e',me,0.05611219396814704,theme,theme,1,4724108,med,high,med
64,s190,64,16,0,'d' 'r',dr,0.16800679895095527,druze,druze,0,,,low,low
65,s190,65,16,1, 'r' 'u',ru,0.07204673206433654,druze,druze,0,705492,med,low,low
66,s190,66,16,2, 'u' 'z',uz,0.20800787000916898,druze,druze,0,,,low,low
67,s190,67,16,3, 'z' 'e',ze,0.19201838411390781,druze,druze,0,,,low,low
68,s190,68,17,0,'p' 'y',py,0.2479218877851963,pykka,pykka,0,149099,low,low,pseudo
69,s190,69,17,1, 'y' 'k',yk,0.46407887898385525,pykka,pykka,0,4767,low,low,pseudo
70,s190,70,17,2, 'k' 'k',kk,0.14393058512359858,pykka,pykka,0,1820,low,low,pseudo
71,s190,71,17,3, 'k' 'a',ka,0.11202795710414648,pykka,pykka,0,60568,low,low,pseudo
72,s190,72,18,0,'f' 'q',fa,0.3520216979086399,faqir,fqir,0,1043958,med,low,low
73,s190,73,18,1, 'q' 'i',aq,0.35208943602629006,faqir,fqir,0,4924,low,low,low
74,s190,74,18,2, 'i' 'r',qi,0.3918986511416733,faqir,fqir,0,36,low,low,low
75,s190,75,19,0,'c' 'h',ch,0.08002230292186141,champ,chmbackspace,2,3267507,med,med,med
76,s190,76,19,1, 'h' 'm',ha,0.22398677002638578,champ,chmbackspace,2,6967591,high,med,med
77,s190,77,19,2, 'm' 'backspace',am,0.6560166159179062,champ,chmbackspace,2,1610395,med,med,med
78,s190,78,20,0,'v' 'a',va,0.1280791568569839,vanru,vanru,0,560130,med,med,pseudo
79,s190,79,20,1, 'a' 'n',an,0.1440009861253202,vanru,vanru,0,12315713,high,med,pseudo
80,s190,80,20,2, 'n' 'r',nr,0.2638934429269284,vanru,vanru,0,54341,low,med,pseudo
81,s190,81,20,3, 'r' 'u',ru,0.12005596910603344,vanru,vanru,0,705492,med,med,pseudo
82,s190,82,21,0,'w' 'o',wo,0.11200265493243933,would,would,0,1723496,med,med,high
83,s190,83,21,1, 'o' 'u',ou,0.12000738317146897,would,would,0,7425307,high,med,high
84,s190,84,21,2, 'u' 'l',ul,0.19999834499321878,would,would,0,2181271,med,med,high
85,s190,85,21,3, 'l' 'd',ld,0.07999036181718111,would,would,0,2012500,med,med,high
86,s190,86,22,0,'t' 'h',ti,0.19187842309474945,tithe,th,2,5135552,high,high,low
87,s190,87,23,0,'d' 'r',dr,0.16809851815924048,druze,druze,1,,,low,low
88,s190,88,23,1, 'r' 'u',ru,0.11201761080883443,druze,druze,1,705492,med,low,low
89,s190,89,23,2, 'u' 'z',uz,0.15201133117079735,druze,druze,1,,,low,low
90,s190,90,23,3, 'z' 'e',ze,0.18387294886633754,druze,druze,1,,,low,low
91,s190,91,24,0,'l' 'u',lu,0.1600660439580679,lucky,lucky,1,568081,med,low,high
92,s190,92,24,1, 'u' 'c',uc,0.11190366302616894,lucky,lucky,1,891233,med,low,high
93,s190,93,24,2, 'c' 'k',ck,0.15998497302643955,lucky,lucky,1,925655,med,low,high
94,s190,94,24,3, 'k' 'y',ky,0.0241113870870322,lucky,lucky,1,49764,low,low,high
95,s190,95,25,0,'v' 'o',vo,0.1280700438655913,vodka,vodka,0,368238,low,low,med
96,s190,96,25,1, 'o' 'd',od,0.15992153598926961,vodka,vodka,0,1013147,med,low,med
97,s190,97,25,2, 'd' 'k',dk,0.21607304620556533,vodka,vodka,0,5347,low,low,med
98,s190,98,25,3, 'k' 'a',ka,0.11195682385005057,vodka,vodka,0,60568,low,low,med
99,s190,99,26,0,'h' 'a',ha,0.30392236402258277,haole,haole,1,6967591,high,med,low
100,s190,100,26,1, 'a' 'o',ao,0.23998290998861194,haole,haole,1,25487,low,med,low
101,s190,101,26,2, 'o' 'l',ol,0.2880142251960933,haole,haole,1,1804856,med,med,low
102,s190,102,26,3, 'l' 'e',le,0.17605809378437698,haole,haole,1,5038239,high,med,low
103,s190,103,27,0,'h' 'e',he,0.2319760809186846,heond,heond,1,21484684,high,high,pseudo
104,s190,104,27,1, 'e' 'o',eo,0.3040240351110697,heond,heond,1,305120,low,high,pseudo
105,s190,105,27,2, 'o' 'n',on,0.2238963998388499,heond,heond,1,8830487,high,high,pseudo
106,s190,106,27,3, 'n' 'd',nd,0.13606705400161445,heond,heond,1,9414961,high,high,pseudo
107,s190,107,28,0,'a' 'b',ab,0.223992093000561,about,about,2,1203849,med,med,high
108,s190,108,28,1, 'b' 'o',bo,0.0879828471224755,about,about,2,1140702,med,med,high
109,s190,109,28,2, 'o' 'u',ou,0.13592846086248755,about,about,2,7425307,high,med,high
110,s190,110,28,3, 'u' 't',ut,0.040079015074297786,about,about,2,3257233,med,med,high
111,s190,111,29,0,'b' 'e',be,0.11200229707174003,belly,belly,0,3798740,med,med,med
112,s190,112,29,1, 'e' 'l',el,0.19189395499415696,belly,belly,0,3235254,med,med,med
113,s190,113,29,2, 'l' 'l',ll,0.20809460105374455,belly,belly,0,4235407,med,med,med
114,s190,114,29,3, 'l' 'y',ly,0.24801525101065636,belly,belly,0,2589130,med,med,med
115,s190,115,30,0,'t' 'h',th,0.09598710690625012,theme,theme,2,22288309,high,high,med
116,s190,116,30,1, 'h' 'e',he,0.12801616988144815,theme,theme,2,21484684,high,high,med
117,s190,117,30,2, 'e' 'm',em,0.11210957798175514,theme,theme,2,2039661,med,high,med
118,s190,118,30,3, 'm' 'e',me,0.06399344513192773,theme,theme,2,4724108,med,high,med
119,s190,119,31,0,'c' 'o',co,0.10398321808315814,cooed,cooed,1,3609272,med,med,low
120,s190,120,31,1, 'o' 'o',oo,0.1439361129887402,cooed,cooed,1,1933683,med,med,low
121,s190,121,31,2, 'o' 'e',oe,0.09609500295482576,cooed,cooed,1,270012,low,med,low
122,s190,122,31,3, 'e' 'd',ed,0.1519956300035119,cooed,cooed,1,7805967,high,med,low
123,s190,123,32,0,'e' 'd',ed,0.192001384915784,edthe,edthe,0,7805967,high,high,pseudo
124,s190,124,32,1, 'd' 't',dt,0.20000833016820252,edthe,edthe,0,11191,low,high,pseudo
125,s190,125,32,2, 't' 'h',th,0.09602874587289989,edthe,edthe,0,22288309,high,high,pseudo
126,s190,126,32,3, 'h' 'e',he,0.16797229694202542,edthe,edthe,0,21484684,high,high,pseudo
127,s190,127,33,0,'z' 'i',zi,0.08811889705248177,zibja,zibja,0,54565,low,low,pseudo
128,s190,128,33,1, 'i' 'b',ib,0.18398788198828697,zibja,zibja,0,493267,low,low,pseudo
129,s190,129,33,2, 'b' 'j',bj,0.1439271259587258,zibja,zibja,0,105433,low,low,pseudo
130,s190,130,33,3, 'j' 'a',ja,0.11204939102753997,zibja,zibja,0,40073,low,low,pseudo
131,s190,131,34,0,'w' 'o',wo,0.08009308716282248,would,would,1,1723496,med,med,high
132,s190,132,34,1, 'o' 'u',ou,0.12803747598081827,would,would,1,7425307,high,med,high
133,s190,133,34,2, 'u' 'l',ul,0.1838797638192773,would,would,1,2181271,med,med,high
134,s190,134,34,3, 'l' 'd',ld,0.0639957501552999,would,would,1,2012500,med,med,high
135,s190,135,35,0,'h' 'a',ha,0.18406892707571387,haole,haole,2,6967591,high,med,low
136,s190,136,35,1, 'a' 'o',ao,0.16790602984838188,haole,haole,2,25487,low,med,low
137,s190,137,35,2, 'o' 'l',ol,0.20810901117511094,haole,haole,2,1804856,med,med,low
138,s190,138,35,3, 'l' 'e',le,0.09594992897473276,haole,haole,2,5038239,high,med,low
139,s190,139,36,0,'z' 'i',zi,0.12792719504795969,zibja,zibja,1,54565,low,low,pseudo
140,s190,140,36,1, 'i' 'b',ib,0.3120005060918629,zibja,zibja,1,493267,low,low,pseudo
141,s190,141,36,2, 'b' 'j',bj,0.15206400793977082,zibja,zibja,1,105433,low,low,pseudo
142,s190,142,36,3, 'j' 'a',ja,0.1279488920699805,zibja,zibja,1,40073,low,low,pseudo
143,s190,143,37,0,'p' 'u',pu,0.17592584202066064,puppy,puppy,0,514720,low,low,med
144,s190,144,37,1, 'u' 'p',up,0.14415707299485803,puppy,puppy,0,968744,med,low,med
145,s190,145,37,2, 'p' 'p',pp,0.143965985160321,puppy,puppy,0,805170,med,low,med
146,s190,146,37,3, 'p' 'y',py,0.3118762949015945,puppy,puppy,0,149099,low,low,med
147,s190,147,38,0,'e' 'd',ed,0.1839552829042077,edthe,edthe,1,7805967,high,high,pseudo
148,s190,148,38,1, 'd' 't',dt,0.18399609997868538,edthe,edthe,1,11191,low,high,pseudo
149,s190,149,38,2, 't' 'h',th,0.10407024598680437,edthe,edthe,1,22288309,high,high,pseudo
150,s190,150,38,3, 'h' 'e',he,0.11191289708949625,edthe,edthe,1,21484684,high,high,pseudo
151,s190,151,39,0,'c' 'h',ch,0.08799972990527749,cheer,cheer,0,3267507,med,high,med
152,s190,152,39,1, 'h' 'e',he,0.10401134216226637,cheer,cheer,0,21484684,high,high,med
153,s190,153,39,2, 'e' 'e',ee,0.14396615489386022,cheer,cheer,0,2839722,med,high,med
154,s190,154,39,3, 'e' 'r',er,0.14393896399997175,cheer,cheer,0,12934901,high,high,med
155,s190,155,40,0,'k' 'r',kr,0.07196155888959765,kremp,kremp,1,5683,low,med,pseudo
156,s190,156,40,1, 'r' 'e',re,0.1440997300669551,kremp,kremp,1,10687711,high,med,pseudo
157,s190,157,40,2, 'e' 'm',em,0.08798216888681054,kremp,kremp,1,2039661,med,med,pseudo
158,s190,158,40,3, 'm' 'p',mp,0.159951725974679,kremp,kremp,1,1042198,med,med,pseudo
159,s190,159,41,0,'t' 'h',th,0.07188605004921556,theme,theme,3,22288309,high,high,med
160,s190,160,41,1, 'h' 'e',he,0.11201892886310816,theme,theme,3,21484684,high,high,med
161,s190,161,41,2, 'e' 'm',em,0.12811347609385848,theme,theme,3,2039661,med,high,med
162,s190,162,41,3, 'm' 'e',me,0.03200363111682236,theme,theme,3,4724108,med,high,med
163,s190,163,42,0,'e' 'd',ed,0.1599345519207418,edthe,edthe,2,7805967,high,high,pseudo
164,s190,164,42,1, 'd' 't',dt,0.17594386101700366,edthe,edthe,2,11191,low,high,pseudo
165,s190,165,42,2, 't' 'h',th,0.09607564914040267,edthe,edthe,2,22288309,high,high,pseudo
166,s190,166,42,3, 'h' 'e',he,0.0879208198748529,edthe,edthe,2,21484684,high,high,pseudo
167,s190,167,43,0,'w' 'o',wo,0.08809127099812031,would,would,2,1723496,med,med,high
168,s190,168,43,1, 'o' 'u',ou,0.12790787010453641,would,would,2,7425307,high,med,high
169,s190,169,43,2, 'u' 'l',ul,0.1919526900164783,would,would,2,2181271,med,med,high
170,s190,170,43,3, 'l' 'd',ld,0.048091989010572433,would,would,2,2012500,med,med,high
171,s190,171,44,0,'h' 'e',he,0.10395880811847746,heond,heond,2,21484684,high,high,pseudo
172,s190,172,44,1, 'e' 'o',eo,0.12000340083613992,heond,heond,2,305120,low,high,pseudo
173,s190,173,44,2, 'o' 'n',on,0.16010746103711426,heond,heond,2,8830487,high,high,pseudo
174,s190,174,44,3, 'n' 'd',nd,0.10397232603281736,heond,heond,2,9414961,high,high,pseudo
175,s190,175,45,0,'p' 'u',pu,0.1759373468812555,puppy,puppy,1,514720,low,low,med
176,s190,176,45,1, 'u' 'p',up,0.14402296603657305,puppy,puppy,1,968744,med,low,med
177,s190,177,45,2, 'p' 'p',pp,0.1598509019240737,puppy,puppy,1,805170,med,low,med
178,s190,178,45,3, 'p' 'y',py,0.18408727110363543,puppy,puppy,1,149099,low,low,med
179,s190,179,46,0,'t' 'h',th,0.14410540205426514,therm,therm,0,22288309,high,high,low
180,s190,180,46,1, 'h' 'e',he,0.15187320811674,therm,therm,0,21484684,high,high,low
181,s190,181,46,2, 'e' 'r',er,0.13602927792817354,therm,therm,0,12934901,high,high,low
182,s190,182,46,3, 'r' 'm',rm,0.10405140090733767,therm,therm,0,905131,med,high,low
183,s190,183,47,0,'c' 'o',co,0.08796419715508819,cooed,coeed,2,3609272,med,med,low
184,s190,184,47,1, 'o' 'e',oo,0.128002576995641,cooed,coeed,2,1933683,med,med,low
185,s190,185,47,2, 'e' 'e',oe,0.13600363093428314,cooed,coeed,2,270012,low,med,low
186,s190,186,47,3, 'e' 'd',ed,0.159946447936818,cooed,coeed,2,7805967,high,med,low
187,s190,187,48,0,'p' 'u',pu,0.19202786195091903,puppy,puppy,2,514720,low,low,med
188,s190,188,48,1, 'u' 'p',up,0.1680707149207592,puppy,puppy,2,968744,med,low,med
189,s190,189,48,2, 'p' 'p',pp,0.15986190806142986,puppy,puppy,2,805170,med,low,med
190,s190,190,48,3, 'p' 'y',py,0.08001357084140182,puppy,puppy,2,149099,low,low,med
191,s190,191,49,0,'c' 'h',ch,0.10401063994504511,champ,champ,3,3267507,med,med,med
192,s190,192,49,1, 'h' 'a',ha,0.1119568741414696,champ,champ,3,6967591,high,med,med
193,s190,193,49,2, 'a' 'm',am,0.10396704985760152,champ,champ,3,1610395,med,med,med
194,s190,194,49,3, 'm' 'p',mp,0.15195744903758168,champ,champ,3,1042198,med,med,med
195,s190,195,50,0,'c' 'h',ch,0.08013871288858354,cheer,cheer,1,3267507,med,high,med
196,s190,196,50,1, 'h' 'e',he,0.1118498919531703,cheer,cheer,1,21484684,high,high,med
197,s190,197,50,2, 'e' 'e',ee,0.1361263191793114,cheer,cheer,1,2839722,med,high,med
198,s190,198,50,3, 'e' 'r',er,0.16794101102277637,cheer,cheer,1,12934901,high,high,med
199,s190,199,51,0,'b' 'u',bu,0.18402193300426006,buddy,buddy,1,1183063,med,low,high
200,s190,200,51,1, 'u' 'd',ud,0.07204921497032046,buddy,buddy,1,458716,low,low,high
201,s190,201,51,2, 'd' 'd',dd,0.143928789999336,buddy,buddy,1,306083,low,low,high
202,s190,202,51,3, 'd' 'y',dy,0.12011740799061954,buddy,buddy,1,360103,low,low,high
203,s190,203,52,0,'d' 'r',dr,0.15996551816351712,druze,druze,2,,,low,low
204,s190,204,52,1, 'r' 'u',ru,0.11996934795752168,druze,druze,2,705492,med,low,low
205,s190,205,52,2, 'u' 'z',uz,0.25605686591006815,druze,druze,2,,,low,low
206,s190,206,52,3, 'z' 'e',ze,0.1918654900509864,druze,druze,2,,,low,low
207,s190,207,53,0,'f' 'a',fa,0.18404240906238556,faqir,faqir,1,1043958,med,low,low
208,s190,208,53,1, 'a' 'q',aq,0.3519125038292259,faqir,faqir,1,4924,low,low,low
209,s190,209,53,2, 'q' 'i',qi,0.18399321800097823,faqir,faqir,1,36,low,low,low
210,s190,210,53,3, 'i' 'r',ir,0.16009500995278358,faqir,faqir,1,2142678,med,low,low
211,s190,211,54,0,'t' 'h',th,0.10408318787813187,there,there,1,22288309,high,high,high
212,s190,212,54,1, 'h' 'e',he,0.09594930312596262,there,there,1,21484684,high,high,high
213,s190,213,54,2, 'e' 'r',er,0.16004645498469472,there,there,1,12934901,high,high,high
214,s190,214,54,3, 'r' 'e',re,0.12797694490291178,there,there,1,10687711,high,high,high
215,s190,215,55,0,'z' 'i',zi,0.16003668517805636,zibja,zibja,2,54565,low,low,pseudo
216,s190,216,55,1, 'i' 'b',ib,0.19196667685173452,zibja,zibja,2,493267,low,low,pseudo
217,s190,217,55,2, 'b' 'j',bj,0.3119781210552901,zibja,zibja,2,105433,low,low,pseudo
218,s190,218,55,3, 'j' 'a',ja,0.1360219269990921,zibja,zibja,2,40073,low,low,pseudo
219,s190,219,56,0,'t' 'h',th,0.0799847540911287,therm,therm,1,22288309,high,high,low
220,s190,220,56,1, 'h' 'e',he,0.13594734901562333,therm,therm,1,21484684,high,high,low
221,s190,221,56,2, 'e' 'r',er,0.13596080197021365,therm,therm,1,12934901,high,high,low
222,s190,222,56,3, 'r' 'm',rm,0.09600495197810233,therm,therm,1,905131,med,high,low
223,s190,223,57,0,'h' 'a',ha,0.14394125202670693,haole,haole,3,6967591,high,med,low
224,s190,224,57,1, 'a' 'o',ao,0.08808036497794092,haole,haole,3,25487,low,med,low
225,s190,225,57,2, 'o' 'l',ol,0.1680744329933077,haole,haole,3,1804856,med,med,low
226,s190,226,57,3, 'l' 'e',le,0.06397991999983788,haole,haole,3,5038239,high,med,low
227,s190,227,58,0,'w' 'o',wo,0.0879782559350133,would,would,3,1723496,med,med,high
228,s190,228,58,1, 'o' 'u',ou,0.11200204491615295,would,would,3,7425307,high,med,high
229,s190,229,58,2, 'u' 'l',ul,0.200026105158031,would,would,3,2181271,med,med,high
230,s190,230,58,3, 'l' 'd',ld,0.056041895877569914,would,would,3,2012500,med,med,high
231,s190,231,59,0,'l' 'u',lu,0.19198813405819237,lucky,lucky,2,568081,med,low,high
232,s190,232,59,1, 'u' 'c',uc,0.12010833201929927,lucky,lucky,2,891233,med,low,high
233,s190,233,59,2, 'c' 'k',ck,0.13600578787736595,lucky,lucky,2,925655,med,low,high
234,s190,234,59,3, 'k' 'y',ky,0.07990168710239232,lucky,lucky,2,49764,low,low,high
235,s190,235,60,0,'f' 'a',fa,0.19200980477035046,faqir,faqir,2,1043958,med,low,low
236,s190,236,60,1, 'a' 'q',aq,0.2961074442137033,faqir,faqir,2,4924,low,low,low
237,s190,237,60,2, 'q' 'i',qi,0.1279939548112452,faqir,faqir,2,36,low,low,low
238,s190,238,60,3, 'i' 'r',ir,0.1279837880283594,faqir,faqir,2,2142678,med,low,low
239,s190,239,61,0,'p' 'y',py,0.3198966330382973,pykka,pykka,1,149099,low,low,pseudo
240,s190,240,61,1, 'y' 'k',yk,0.29597301804460585,pykka,pykka,1,4767,low,low,pseudo
241,s190,241,61,2, 'k' 'k',kk,0.16005429904907942,pykka,pykka,1,1820,low,low,pseudo
242,s190,242,61,3, 'k' 'a',ka,0.1279548928141594,pykka,pykka,1,60568,low,low,pseudo
243,s190,243,62,0,'c' 'o',co,0.11206641583703458,cooed,cooed,3,3609272,med,med,low
244,s190,244,62,1, 'o' 'o',oo,0.14389611408114433,cooed,cooed,3,1933683,med,med,low
245,s190,245,62,2, 'o' 'e',oe,0.13602313888259232,cooed,cooed,3,270012,low,med,low
246,s190,246,62,3, 'e' 'd',ed,0.14405301911756396,cooed,cooed,3,7805967,high,med,low
247,s190,247,63,0,'v' 'a',va,0.11211068602278829,vanru,vanru,1,560130,med,med,pseudo
248,s190,248,63,1, 'a' 'n',an,0.12803640007041395,vanru,vanru,1,12315713,high,med,pseudo
249,s190,249,63,2, 'n' 'r',nr,0.19195427605882287,vanru,vanru,1,54341,low,med,pseudo
250,s190,250,63,3, 'r' 'u',ru,0.07203853200189769,vanru,vanru,1,705492,med,med,pseudo
251,s190,251,64,0,'t' 'h',th,0.0721569717861712,there,there,2,22288309,high,high,high
252,s190,252,64,1, 'h' 'e',he,0.1198349620681256,there,there,2,21484684,high,high,high
253,s190,253,64,2, 'e' 'r',er,0.15210415003821254,there,there,2,12934901,high,high,high
254,s190,254,64,3, 'r' 'e',re,0.14391231490299106,there,there,2,10687711,high,high,high
255,s190,255,65,0,'l' 'u',lu,0.23210719786584377,lucky,lucky,3,568081,med,low,high
256,s190,256,65,1, 'u' 'c',uc,0.1440262880641967,lucky,lucky,3,891233,med,low,high
257,s190,257,65,2, 'c' 'k',ck,0.11188176996074617,lucky,lucky,3,925655,med,low,high
258,s190,258,65,3, 'k' 'y',ky,0.08808693592436612,lucky,lucky,3,49764,low,low,high
259,s190,259,66,0,'k' 'r',kr,0.080040343105793,kremp,kremp,2,5683,low,med,pseudo
260,s190,260,66,1, 'r' 'e',re,0.14389083697460592,kremp,kremp,2,10687711,high,med,pseudo
261,s190,261,66,2, 'e' 'm',em,0.08804123499430716,kremp,kremp,2,2039661,med,med,pseudo
262,s190,262,66,3, 'm' 'p',mp,0.15206253109499812,kremp,kremp,2,1042198,med,med,pseudo
263,s190,263,67,0,'t' 'h',th,0.047990834806114435,therm,therm,2,22288309,high,high,low
264,s190,264,67,1, 'h' 'e',he,0.13601213600486517,therm,therm,2,21484684,high,high,low
265,s190,265,67,2, 'e' 'r',er,0.14397978107444942,therm,therm,2,12934901,high,high,low
266,s190,266,67,3, 'r' 'm',rm,0.05604013102129102,therm,therm,2,905131,med,high,low
267,s190,267,68,0,'t' 'i',ti,0.799960752017796,tithe,tithe,3,5135552,high,high,low
268,s190,268,68,1, 'i' 't',it,0.12811194406822324,tithe,tithe,3,6637233,high,high,low
269,s190,269,68,2, 't' 'h',th,0.1119967270642519,tithe,tithe,3,22288309,high,high,low
270,s190,270,68,3, 'h' 'e',he,0.1039917899761349,tithe,tithe,3,21484684,high,high,low
271,s190,271,69,0,'t' 'h',th,0.10392599599435925,theme,theme,4,22288309,high,high,med
272,s190,272,69,1, 'h' 'e',he,0.09612050908617675,theme,theme,4,21484684,high,high,med
273,s190,273,69,2, 'e' 'm',em,0.1278844049666077,theme,theme,4,2039661,med,high,med
274,s190,274,69,3, 'm' 'e',me,0.04011251893825829,theme,theme,4,4724108,med,high,med
275,s190,275,70,0,'c' 'h',ch,0.04805852798745036,champ,champ,4,3267507,med,med,med
276,s190,276,70,1, 'h' 'a',ha,0.11187560600228608,champ,champ,4,6967591,high,med,med
277,s190,277,70,2, 'a' 'm',am,0.09609041991643608,champ,champ,4,1610395,med,med,med
278,s190,278,70,3, 'm' 'p',mp,0.15198789909482002,champ,champ,4,1042198,med,med,med
279,s190,279,71,0,'h' 'e',he,0.15993493981659412,heond,heond,3,21484684,high,high,pseudo
280,s190,280,71,1, 'e' 'o',eo,0.07999616302549839,heond,heond,3,305120,low,high,pseudo
281,s190,281,71,2, 'o' 'n',on,0.2000230341218412,heond,heond,3,8830487,high,high,pseudo
282,s190,282,71,3, 'n' 'd',nd,0.10399241792038083,heond,heond,3,9414961,high,high,pseudo
283,s190,283,72,0,'k' 'r',kr,0.06397524802014232,kremp,kremp,3,5683,low,med,pseudo
284,s190,284,72,1, 'r' 'e',re,0.14395563886500895,kremp,kremp,3,10687711,high,med,pseudo
285,s190,285,72,2, 'e' 'm',em,0.07998955203220248,kremp,kremp,3,2039661,med,med,pseudo
286,s190,286,72,3, 'm' 'p',mp,0.16008214000612497,kremp,kremp,3,1042198,med,med,pseudo
287,s190,287,73,0,'b' 'u',bu,0.15993135585449636,buddy,buddy,2,1183063,med,low,high
288,s190,288,73,1, 'u' 'd',ud,0.0320363340433687,buddy,buddy,2,458716,low,low,high
289,s190,289,73,2, 'd' 'd',dd,0.15196425700560212,buddy,buddy,2,306083,low,low,high
290,s190,290,73,3, 'd' 'y',dy,0.11194039904512465,buddy,buddy,2,360103,low,low,high
291,s190,291,74,0,'b' 'e',be,0.10388556192629039,belly,belly,1,3798740,med,med,med
292,s190,292,74,1, 'e' 'l',el,0.1599943561013788,belly,belly,1,3235254,med,med,med
293,s190,293,74,2, 'l' 'l',ll,0.16811491083353758,belly,belly,1,4235407,med,med,med
294,s190,294,74,3, 'l' 'y',ly,0.12796219112351537,belly,belly,1,2589130,med,med,med
295,s190,295,75,0,'v' 'o',vo,0.08001846191473305,vodka,vodka,1,368238,low,low,med
296,s190,296,75,1, 'o' 'd',od,0.13601138116791844,vodka,vodka,1,1013147,med,low,med
297,s190,297,75,2, 'd' 'k',dk,0.12803289899602532,vodka,vodka,1,5347,low,low,med
298,s190,298,75,3, 'k' 'a',ka,0.1359134679660201,vodka,vodka,1,60568,low,low,med
299,s190,299,76,0,'v' 'a',va,0.13595216698013246,vanru,vanru,2,560130,med,med,pseudo
300,s190,300,76,1, 'a' 'n',an,0.11194677790626884,vanru,vanru,2,12315713,high,med,pseudo
301,s190,301,76,2, 'n' 'r',nr,0.11199310910888016,vanru,vanru,2,54341,low,med,pseudo
302,s190,302,76,3, 'r' 'u',ru,0.08011415996588767,vanru,vanru,2,705492,med,med,pseudo
303,s190,303,77,0,'c' 'h',ch,0.05585382296703756,cheer,cheer,2,3267507,med,high,med
304,s190,304,77,1, 'h' 'e',he,0.1280304780229926,cheer,cheer,2,21484684,high,high,med
305,s190,305,77,2, 'e' 'e',ee,0.12799921305850148,cheer,cheer,2,2839722,med,high,med
306,s190,306,77,3, 'e' 'r',er,0.14397443202324212,cheer,cheer,2,12934901,high,high,med
307,s190,307,78,0,'t' 'h',th,0.0880467880051583,think,think,1,22288309,high,high,high
308,s190,308,78,1, 'h' 'i',hi,0.13605430210009217,think,think,1,6198006,high,high,high
309,s190,309,78,2, 'i' 'n',in,0.10398364905267954,think,think,1,13597302,high,high,high
310,s190,310,78,3, 'n' 'k',nk,0.11996733187697828,think,think,1,445067,low,high,high
311,s190,311,79,0,'h' 'a',ha,0.16008095303550363,haole,haole,4,6967591,high,med,low
312,s190,312,79,1, 'a' 'o',ao,0.15998399094678462,haole,haole,4,25487,low,med,low
313,s190,313,79,2, 'o' 'l',ol,0.24789398605935276,haole,haole,4,1804856,med,med,low
314,s190,314,79,3, 'l' 'e',le,0.12813149183057249,haole,haole,4,5038239,high,med,low
315,s190,315,80,0,'v' 'o',vo,0.11196237104013562,vodka,vodka,2,368238,low,low,med
316,s190,316,80,1, 'o' 'd',od,0.16814672900363803,vodka,vodka,2,1013147,med,low,med
317,s190,317,80,2, 'd' 'k',dk,0.16801125300116837,vodka,vodka,2,5347,low,low,med
318,s190,318,80,3, 'k' 'a',ka,0.11992328288033605,vodka,vodka,2,60568,low,low,med
319,s190,319,81,0,'w' 'o',wo,0.07993881101720035,would,would,4,1723496,med,med,high
320,s190,320,81,1, 'o' 'u',ou,0.1360337499063462,would,would,4,7425307,high,med,high
321,s190,321,81,2, 'u' 'l',ul,0.2000180659815669,would,would,4,2181271,med,med,high
322,s190,322,81,3, 'l' 'd',ld,0.10391068295575678,would,would,4,2012500,med,med,high
323,s190,323,82,0,'a' 'v',va,0.0,vanru,avnru,3,560130,med,med,pseudo
324,s190,324,82,1, 'v' 'n',an,0.31209274707362056,vanru,avnru,3,12315713,high,med,pseudo
325,s190,325,82,2, 'n' 'r',nr,0.17595743690617383,vanru,avnru,3,54341,low,med,pseudo
326,s190,326,82,3, 'r' 'u',ru,0.12805695505812764,vanru,avnru,3,705492,med,med,pseudo
327,s190,327,83,0,'e' 'd',ed,0.16802207217551768,edthe,edthe,3,7805967,high,high,pseudo
328,s190,328,83,1, 'd' 't',dt,0.19195618899539113,edthe,edthe,3,11191,low,high,pseudo
329,s190,329,83,2, 't' 'h',th,0.09607723797671497,edthe,edthe,3,22288309,high,high,pseudo
330,s190,330,83,3, 'h' 'e',he,0.10399533598683774,edthe,edthe,3,21484684,high,high,pseudo
331,s190,331,84,0,'v' 'a',va,0.1279912879690528,vanru,vanru,4,560130,med,med,pseudo
332,s190,332,84,1, 'a' 'n',an,0.13593608792871237,vanru,vanru,4,12315713,high,med,pseudo
333,s190,333,84,2, 'n' 'r',nr,0.1201034530531615,vanru,vanru,4,54341,low,med,pseudo
334,s190,334,84,3, 'r' 'u',ru,0.08795611397363245,vanru,vanru,4,705492,med,med,pseudo
335,s190,335,85,0,'b' 'u',bu,0.15212349710054696,buddy,buddy,3,1183063,med,low,high
336,s190,336,85,1, 'u' 'd',ud,0.16788237891159952,buddy,buddy,3,458716,low,low,high
337,s190,337,85,2, 'd' 'd',dd,0.13611321803182364,buddy,buddy,3,306083,low,low,high
338,s190,338,85,3, 'd' 'y',dy,0.09600116009823978,buddy,buddy,3,360103,low,low,high
339,s190,339,86,0,'c' 'h',ch,0.07195338793098927,cheer,cheer,3,3267507,med,high,med
340,s190,340,86,1, 'h' 'e',he,0.11995389615185559,cheer,cheer,3,21484684,high,high,med
341,s190,341,86,2, 'e' 'e',ee,0.14410784794017673,cheer,cheer,3,2839722,med,high,med
342,s190,342,86,3, 'e' 'r',er,0.1438935489859432,cheer,cheer,3,12934901,high,high,med
343,s190,343,87,0,'a' 'b',ab,0.18410984403453767,about,about,3,1203849,med,med,high
344,s190,344,87,1, 'b' 'o',bo,0.10397642594762146,about,about,3,1140702,med,med,high
345,s190,345,87,2, 'o' 'u',ou,0.1039809831418097,about,about,3,7425307,high,med,high
346,s190,346,87,3, 'u' 't',ut,0.07199676288291812,about,about,3,3257233,med,med,high
347,s190,347,88,0,'t' 'h',th,0.07205482409335673,think,think,2,22288309,high,high,high
348,s190,348,88,1, 'h' 'i',hi,0.1439374960027635,think,think,2,6198006,high,high,high
349,s190,349,88,2, 'i' 'n',in,0.10400280798785388,think,think,2,13597302,high,high,high
350,s190,350,88,3, 'n' 'k',nk,0.11998934205621481,think,think,2,445067,low,high,high
351,s190,351,89,0,'p' 'y',py,0.16809750581160188,pykka,pykka,2,149099,low,low,pseudo
352,s190,352,89,1, 'y' 'k',yk,0.15998642821796238,pykka,pykka,2,4767,low,low,pseudo
353,s190,353,89,2, 'k' 'k',kk,0.14392677089199424,pykka,pykka,2,1820,low,low,pseudo
354,s190,354,89,3, 'k' 'a',ka,0.0960883959196508,pykka,pykka,2,60568,low,low,pseudo
355,s190,355,90,0,'b' 'e',be,0.12808174290694296,belly,belly,2,3798740,med,med,med
356,s190,356,90,1, 'e' 'l',el,0.12799793109297752,belly,belly,2,3235254,med,med,med
357,s190,357,90,2, 'l' 'l',ll,0.14395161997526884,belly,belly,2,4235407,med,med,med
358,s190,358,90,3, 'l' 'y',ly,0.11194400093518198,belly,belly,2,2589130,med,med,med
359,s190,359,91,0,'l' 'u',lu,0.22392994607798755,lucky,lucky,4,568081,med,low,high
360,s190,360,91,1, 'u' 'c',uc,0.15199929499067366,lucky,lucky,4,891233,med,low,high
361,s190,361,91,2, 'c' 'k',ck,0.1359491921029985,lucky,lucky,4,925655,med,low,high
362,s190,362,91,3, 'k' 'y',ky,0.09608029783703387,lucky,lucky,4,49764,low,low,high
363,s190,363,92,0,'c' 'h',ch,0.10401780786924064,cheer,cheer,4,3267507,med,high,med
364,s190,364,92,1, 'h' 'e',he,0.1360458410345018,cheer,cheer,4,21484684,high,high,med
365,s190,365,92,2, 'e' 'e',ee,0.13597895111888647,cheer,cheer,4,2839722,med,high,med
366,s190,366,92,3, 'e' 'r',er,0.14395672199316323,cheer,cheer,4,12934901,high,high,med
367,s190,367,93,0,'f' 'a',fa,0.15988303418271244,faqir,faqir,3,1043958,med,low,low
368,s190,368,93,1, 'a' 'q',aq,0.2560787678230554,faqir,faqir,3,4924,low,low,low
369,s190,369,93,2, 'q' 'i',qi,0.15192749304696918,faqir,faqir,3,36,low,low,low
370,s190,370,93,3, 'i' 'r',ir,0.1520994680467993,faqir,faqir,3,2142678,med,low,low
371,s190,371,94,0,'b' 'e',be,0.4479830670170486,belly,belly,3,3798740,med,med,med
372,s190,372,94,1, 'e' 'l',el,0.17602168302983046,belly,belly,3,3235254,med,med,med
373,s190,373,94,2, 'l' 'l',ll,0.1840381200890988,belly,belly,3,4235407,med,med,med
374,s190,374,94,3, 'l' 'y',ly,0.1279821270145476,belly,belly,3,2589130,med,med,med
375,s190,375,95,0,'t' 'h',th,0.0960093371104449,think,think,3,22288309,high,high,high
376,s190,376,95,1, 'h' 'i',hi,0.14391074981540442,think,think,3,6198006,high,high,high
377,s190,377,95,2, 'i' 'n',in,0.11996720312163234,think,think,3,13597302,high,high,high
378,s190,378,95,3, 'n' 'k',nk,0.11210717190988362,think,think,3,445067,low,high,high
379,s190,379,96,0,'p' 'y',py,0.20006017410196364,pykka,pykka,3,149099,low,low,pseudo
380,s190,380,96,1, 'y' 'k',yk,0.24797900393605232,pykka,pykka,3,4767,low,low,pseudo
381,s190,381,96,2, 'k' 'k',kk,0.15199879207648337,pykka,pykka,3,1820,low,low,pseudo
382,s190,382,96,3, 'k' 'a',ka,0.1360058959107846,pykka,pykka,3,60568,low,low,pseudo
383,s190,383,97,0,'p' 'u',pu,0.2880312150809914,puppy,puppy,3,514720,low,low,med
384,s190,384,97,1, 'u' 'p',up,0.311958349077031,puppy,puppy,3,968744,med,low,med
385,s190,385,97,2, 'p' 'p',pp,0.19202623795717955,puppy,puppy,3,805170,med,low,med
386,s190,386,97,3, 'p' 'y',py,0.23197746695950627,puppy,puppy,3,149099,low,low,med
387,s190,387,98,0,'t' 'h',th,0.0480179600417614,think,think,4,22288309,high,high,high
388,s190,388,98,1, 'h' 'i',hi,0.13599255098961294,think,think,4,6198006,high,high,high
389,s190,389,98,2, 'i' 'n',in,0.0960454111918807,think,think,4,13597302,high,high,high
390,s190,390,98,3, 'n' 'k',nk,0.09595874999649823,think,think,4,445067,low,high,high
391,s190,391,99,0,'h' 'e',he,0.12799887103028595,heond,heond,4,21484684,high,high,pseudo
392,s190,392,99,1, 'e' 'o',eo,0.0879585740622133,heond,heond,4,305120,low,high,pseudo
393,s190,393,99,2, 'o' 'n',on,0.19194167805835605,heond,heond,4,8830487,high,high,pseudo
394,s190,394,99,3, 'n' 'd',nd,0.12009602505713701,heond,heond,4,9414961,high,high,pseudo
395,s190,395,100,0,'t' 'h',th,0.06399554084055126,therm,therm,3,22288309,high,high,low
396,s190,396,100,1, 'h' 'e',he,0.11997914896346629,therm,therm,3,21484684,high,high,low
397,s190,397,100,2, 'e' 'r',er,0.14410274010151625,therm,therm,3,12934901,high,high,low
398,s190,398,100,3, 'r' 'm',rm,0.07188312010839581,therm,therm,3,905131,med,high,low
399,s190,399,101,0,'a' 'b',ab,0.1839937469922006,about,about,4,1203849,med,med,high
400,s190,400,101,1, 'b' 'o',bo,0.06399409985169768,about,about,4,1140702,med,med,high
401,s190,401,101,2, 'o' 'u',ou,0.11188551620580256,about,about,4,7425307,high,med,high
402,s190,402,101,3, 'u' 't',ut,0.056015787879005075,about,about,4,3257233,med,med,high
403,s190,403,102,0,'t' 'i',ti,1.0320936609059572,tithe,tithe,4,5135552,high,high,low
404,s190,404,102,1, 'i' 't',it,0.26399192097596824,tithe,tithe,4,6637233,high,high,low
405,s190,405,102,2, 't' 'h',th,0.16797858499921858,tithe,tithe,4,22288309,high,high,low
406,s190,406,102,3, 'h' 'e',he,0.16006354102864861,tithe,tithe,4,21484684,high,high,low
407,s190,407,103,0,'d' 'r',dr,0.1360936409328133,druze,druze,3,,,low,low
408,s190,408,103,1, 'r' 'u',ru,0.07195611204952002,druze,druze,3,705492,med,low,low
409,s190,409,103,2, 'u' 'z',uz,0.1680088620632887,druze,druze,3,,,low,low
410,s190,410,103,3, 'z' 'e',ze,0.15205285884439945,druze,druze,3,,,low,low
411,s190,411,104,0,'e' 'd',ed,0.19202295411378145,edthe,edthe,4,7805967,high,high,pseudo
412,s190,412,104,1, 'd' 't',dt,0.1679965180810541,edthe,edthe,4,11191,low,high,pseudo
413,s190,413,104,2, 't' 'h',th,0.07197215990163386,edthe,edthe,4,22288309,high,high,pseudo
414,s190,414,104,3, 'h' 'e',he,0.11994881508871913,edthe,edthe,4,21484684,high,high,pseudo
415,s190,415,105,0,'v' 'o',vo,0.08788576885126531,vodka,vodka,3,368238,low,low,med
416,s190,416,105,1, 'o' 'd',od,0.11210053809918463,vodka,vodka,3,1013147,med,low,med
417,s190,417,105,2, 'd' 'k',dk,0.23199064191430807,vodka,vodka,3,5347,low,low,med
418,s190,418,105,3, 'k' 'a',ka,0.15198993706144392,vodka,vodka,3,60568,low,low,med
419,s190,419,106,0,'a' 'i',zi,0.09597530192695558,zibja,aibjka,3,54565,low,low,pseudo
420,s190,420,106,1, 'i' 'b',ib,0.18405819800682366,zibja,aibjka,3,493267,low,low,pseudo
421,s190,421,106,2, 'b' 'j',bj,0.20001803804188967,zibja,aibjka,3,105433,low,low,pseudo
422,s190,422,106,3, 'j' 'k',ja,0.007999768946319818,zibja,aibjka,3,40073,low,low,pseudo
423,s190,423,106,4, 'k' 'a',,0.12006422411650419,zibja,aibjka,3,,,low,pseudo
424,s190,424,107,0,'v' 'o',vo,0.07997651095502079,vodka,vodka,4,368238,low,low,med
425,s190,425,107,1, 'o' 'd',od,0.32009293511509895,vodka,vodka,4,1013147,med,low,med
426,s190,426,107,2, 'd' 'k',dk,0.10402155085466802,vodka,vodka,4,5347,low,low,med
427,s190,427,107,3, 'k' 'a',ka,0.12799692200496793,vodka,vodka,4,60568,low,low,med
428,s190,428,108,0,'t' 'h',th,0.07190009788610041,there,there,3,22288309,high,high,high
429,s190,429,108,1, 'h' 'e',he,0.1120633331593126,there,there,3,21484684,high,high,high
430,s190,430,108,2, 'e' 'r',er,0.15199611405842006,there,there,3,12934901,high,high,high
431,s190,431,108,3, 'r' 'e',re,0.1280796928331256,there,there,3,10687711,high,high,high
432,s190,432,109,0,'p' 'u',pu,0.23993176803924143,puppy,puppy,4,514720,low,low,med
433,s190,433,109,1, 'u' 'p',up,0.23212659102864563,puppy,puppy,4,968744,med,low,med
434,s190,434,109,2, 'p' 'p',pp,0.1599813080392778,puppy,puppy,4,805170,med,low,med
435,s190,435,109,3, 'p' 'y',py,0.19997964589856565,puppy,puppy,4,149099,low,low,med
436,s190,436,110,0,'b' 'e',be,0.1999948970042169,belly,belly,4,3798740,med,med,med
437,s190,437,110,1, 'e' 'l',el,0.12792230700142682,belly,belly,4,3235254,med,med,med
438,s190,438,110,2, 'l' 'l',ll,0.23204175103455782,belly,belly,4,4235407,med,med,med
439,s190,439,110,3, 'l' 'y',ly,0.12003074889071286,belly,belly,4,2589130,med,med,med
440,s190,440,111,0,'k' 'r',kr,0.08804593398235738,kremp,kremp,4,5683,low,med,pseudo
441,s190,441,111,1, 'r' 'e',re,0.15192668605595827,kremp,kremp,4,10687711,high,med,pseudo
442,s190,442,111,2, 'e' 'm',em,0.19200140400789678,kremp,kremp,4,2039661,med,med,pseudo
443,s190,443,111,3, 'm' 'p',mp,0.14389768382534385,kremp,kremp,4,1042198,med,med,pseudo
444,s190,444,112,0,'t' 'h',th,0.08797869412228465,there,there,4,22288309,high,high,high
445,s190,445,112,1, 'h' 'e',he,0.09597090492025018,there,there,4,21484684,high,high,high
446,s190,446,112,2, 'e' 'r',er,0.15203820588067174,there,there,4,12934901,high,high,high
447,s190,447,112,3, 'r' 'e',re,0.13603146304376423,there,there,4,10687711,high,high,high
448,s190,448,113,0,'d' 'r',dr,0.1600396540015936,druze,druze,4,,,low,low
449,s190,449,113,1, 'r' 'u',ru,0.08793799602426589,druze,druze,4,705492,med,low,low
450,s190,450,113,2, 'u' 'z',uz,0.14410195196978748,druze,druze,4,,,low,low
451,s190,451,113,3, 'z' 'e',ze,0.12800472509115934,druze,druze,4,,,low,low
452,s190,452,114,0,'t' 'h',th,0.07206553593277931,therm,therm,4,22288309,high,high,low
453,s190,453,114,1, 'h' 'e',he,0.12003600713796914,therm,therm,4,21484684,high,high,low
454,s190,454,114,2, 'e' 'r',er,0.1519180489704013,therm,therm,4,12934901,high,high,low
455,s190,455,114,3, 'r' 'm',rm,0.11209365702234209,therm,therm,4,905131,med,high,low
456,s190,456,115,0,'f' 'a',fa,0.16795961605384946,faqir,faqir,4,1043958,med,low,low
457,s190,457,115,1, 'a' 'q',aq,0.2559022209607065,faqir,faqir,4,4924,low,low,low
458,s190,458,115,2, 'q' 'i',qi,0.10409770300611854,faqir,faqir,4,36,low,low,low
459,s190,459,115,3, 'i' 'r',ir,0.12001421698369086,faqir,faqir,4,2142678,med,low,low
460,s190,460,116,0,'b' 'u',bu,0.1520978850312531,buddy,buddy,4,1183063,med,low,high
461,s190,461,116,1, 'u' 'd',ud,0.1599034471437335,buddy,buddy,4,458716,low,low,high
462,s190,462,116,2, 'd' 'd',dd,0.12001835298724473,buddy,buddy,4,306083,low,low,high
463,s190,463,116,3, 'd' 'y',dy,0.06398030696436763,buddy,buddy,4,360103,low,low,high
464,s190,464,117,0,'z' 'i',zi,0.09619698277674615,zibja,zibja,4,54565,low,low,pseudo
465,s190,465,117,1, 'i' 'b',ib,0.351928569143638,zibja,zibja,4,493267,low,low,pseudo
466,s190,466,117,2, 'b' 'j',bj,0.2158965258859098,zibja,zibja,4,105433,low,low,pseudo
467,s190,467,117,3, 'j' 'a',ja,0.12000672006979585,zibja,zibja,4,40073,low,low,pseudo
468,s190,468,118,0,'p' 'y',py,0.4560243249870837,pykka,pykka,4,149099,low,low,pseudo
469,s190,469,118,1, 'y' 'k',yk,0.2559692719951272,pykka,pykka,4,4767,low,low,pseudo
470,s190,470,118,2, 'k' 'k',kk,0.2079413200262934,pykka,pykka,4,1820,low,low,pseudo
471,s190,471,118,3, 'k' 'a',ka,0.12807926209643483,pykka,pykka,4,60568,low,low,pseudo
472,s190,472,119,0,'c' 'o',co,0.5681194730568677,cooed,cooed,4,3609272,med,med,low
473,s190,473,119,1, 'o' 'o',oo,0.2079425249248743,cooed,cooed,4,1933683,med,med,low
474,s190,474,119,2, 'o' 'e',oe,0.29592965194024146,cooed,cooed,4,270012,low,med,low
475,s190,475,119,3, 'e' 'd',ed,0.2081081150099635,cooed,cooed,4,7805967,high,med,low
476,s190,476,120,0,'c' 'o',co,0.16793649503961205,cooed,cooed,5,3609272,med,med,low
477,s190,477,120,1, 'o' 'o',oo,0.15206357487477362,cooed,cooed,5,1933683,med,med,low
478,s190,478,120,2, 'o' 'e',oe,0.11190072307363153,cooed,cooed,5,270012,low,med,low
479,s190,479,120,3, 'e' 'd',ed,0.1519885070156306,cooed,cooed,5,7805967,high,med,low
480,s190,480,121,0,'c' 'h',ch,0.08802991290576756,champ,champ,5,3267507,med,med,med
481,s190,481,121,1, 'h' 'a',ha,0.09599621710367501,champ,champ,5,6967591,high,med,med
482,s190,482,121,2, 'a' 'm',am,0.1199031809810549,champ,champ,5,1610395,med,med,med
483,s190,483,121,3, 'm' 'p',mp,0.16006006789393723,champ,champ,5,1042198,med,med,med
484,s190,484,122,0,'z' 'i',zi,0.13596115284599364,zibja,zibja,5,54565,low,low,pseudo
485,s190,485,122,1, 'i' 'b',ib,0.28791748615913093,zibja,zibja,5,493267,low,low,pseudo
486,s190,486,122,2, 'b' 'j',bj,0.40000841300934553,zibja,zibja,5,105433,low,low,pseudo
487,s190,487,122,3, 'j' 'a',ja,0.10399033990688622,zibja,zibja,5,40073,low,low,pseudo
488,s190,488,123,0,'d' 'r',dr,0.24807594809681177,druze,druze,5,,,low,low
489,s190,489,123,1, 'r' 'u',ru,0.17589538707397878,druze,druze,5,705492,med,low,low
490,s190,490,123,2, 'u' 'z',uz,0.26406708685681224,druze,druze,5,,,low,low
491,s190,491,123,3, 'z' 'e',ze,0.2800603900104761,druze,druze,5,,,low,low
492,s190,492,124,0,'b' 'e',be,0.40804099198430777,belly,belly,5,3798740,med,med,med
493,s190,493,124,1, 'e' 'l',el,0.296021152054891,belly,belly,5,3235254,med,med,med
494,s190,494,124,2, 'l' 'l',ll,0.20801970991306007,belly,belly,5,4235407,med,med,med
495,s190,495,124,3, 'l' 'y',ly,0.19198137405328453,belly,belly,5,2589130,med,med,med
496,s190,496,125,0,'t' 'i',ti,0.16002998896874487,tithe,tithe,5,5135552,high,high,low
497,s190,497,125,1, 'i' 't',it,0.44802549201995134,tithe,tithe,5,6637233,high,high,low
498,s190,498,125,2, 't' 'h',th,0.20791708584874868,tithe,tithe,5,22288309,high,high,low
499,s190,499,125,3, 'h' 'e',he,0.12002724106423557,tithe,tithe,5,21484684,high,high,low
500,s190,500,126,0,'t' 'h',th,0.06398062501102686,there,there,5,22288309,high,high,high
501,s190,501,126,1, 'h' 'e',he,0.11199189000762999,there,there,5,21484684,high,high,high
502,s190,502,126,2, 'e' 'r',er,0.1520670261234045,there,there,5,12934901,high,high,high
503,s190,503,126,3, 'r' 'e',re,0.14398244000039995,there,there,5,10687711,high,high,high
504,s190,504,127,0,'v' 'o',vo,0.11195264593698084,vodka,vodka,5,368238,low,low,med
505,s190,505,127,1, 'o' 'd',od,0.11999925901181996,vodka,vodka,5,1013147,med,low,med
506,s190,506,127,2, 'd' 'k',dk,0.13592209992930293,vodka,vodka,5,5347,low,low,med
507,s190,507,127,3, 'k' 'a',ka,0.09611424501053989,vodka,vodka,5,60568,low,low,med
508,s190,508,128,0,'b' 'e',be,0.12787851598113775,belly,belly,6,3798740,med,med,med
509,s190,509,128,1, 'e' 'l',el,0.12799650500528514,belly,belly,6,3235254,med,med,med
510,s190,510,128,2, 'l' 'l',ll,0.15208128397352993,belly,belly,6,4235407,med,med,med
511,s190,511,128,3, 'l' 'y',ly,0.09600085904821754,belly,belly,6,2589130,med,med,med
512,s190,512,129,0,'f' 'a',fa,0.2160778569523245,faqir,faqir,5,1043958,med,low,low
513,s190,513,129,1, 'a' 'q',aq,0.21588360704481602,faqir,faqir,5,4924,low,low,low
514,s190,514,129,2, 'q' 'i',qi,0.0880011161789298,faqir,faqir,5,36,low,low,low
515,s190,515,129,3, 'i' 'r',ir,0.136068734806031,faqir,faqir,5,2142678,med,low,low
516,s190,516,130,0,'d' 'r',dr,0.2880079331807792,druze,druze,6,,,low,low
517,s190,517,130,1, 'r' 'u',ru,0.3039187300018966,druze,druze,6,705492,med,low,low
518,s190,518,130,2, 'u' 'z',uz,0.20000586193054914,druze,druze,6,,,low,low
519,s190,519,130,3, 'z' 'e',ze,0.3680887899827212,druze,druze,6,,,low,low
520,s190,520,131,0,'b' 'u',bu,0.12792292493395507,buddy,buddy,5,1183063,med,low,high
521,s190,521,131,1, 'u' 'd',ud,0.11208965396508574,buddy,buddy,5,458716,low,low,high
522,s190,522,131,2, 'd' 'd',dd,0.11992872809059918,buddy,buddy,5,306083,low,low,high
523,s190,523,131,3, 'd' 'y',dy,0.06408291892148554,buddy,buddy,5,360103,low,low,high
524,s190,524,132,0,'c' 'h',ch,0.023938484955579042,champ,champ,6,3267507,med,med,med
525,s190,525,132,1, 'h' 'a',ha,0.1120732850395143,champ,champ,6,6967591,high,med,med
526,s190,526,132,2, 'a' 'm',am,0.09595863404683769,champ,champ,6,1610395,med,med,med
527,s190,527,132,3, 'm' 'p',mp,0.1600590238813311,champ,champ,6,1042198,med,med,med
528,s190,528,133,0,'l' 'u',lu,0.19201535801403224,lucky,lucky,5,568081,med,low,high
529,s190,529,133,1, 'u' 'c',uc,0.10407866211608052,lucky,lucky,5,891233,med,low,high
530,s190,530,133,2, 'c' 'k',ck,0.12802177388221025,lucky,lucky,5,925655,med,low,high
531,s190,531,133,3, 'k' 'y',ky,0.08790649101138115,lucky,lucky,5,49764,low,low,high
532,s190,532,134,0,'a' 'b',ab,0.18394844280555844,about,about,5,1203849,med,med,high
533,s190,533,134,1, 'b' 'o',bo,0.04794431710615754,about,about,5,1140702,med,med,high
534,s190,534,134,2, 'o' 'u',ou,0.13611425110138953,about,about,5,7425307,high,med,high
535,s190,535,134,3, 'u' 't',ut,0.04803688987158239,about,about,5,3257233,med,med,high
536,s190,536,135,0,'w' 'o',wo,0.11199385882355273,would,would,5,1723496,med,med,high
537,s190,537,135,1, 'o' 'u',ou,0.12798689305782318,would,would,5,7425307,high,med,high
538,s190,538,135,2, 'u' 'l',ul,0.19196515204384923,would,would,5,2181271,med,med,high
539,s190,539,135,3, 'l' 'd',ld,0.08004652499221265,would,would,5,2012500,med,med,high
540,s190,540,136,0,'h' 'e',he,0.215980205219239,heond,heond,5,21484684,high,high,pseudo
541,s190,541,136,1, 'e' 'o',eo,0.11988752987235785,heond,heond,5,305120,low,high,pseudo
542,s190,542,136,2, 'o' 'n',on,0.16806338005699217,heond,heond,5,8830487,high,high,pseudo
543,s190,543,136,3, 'n' 'd',nd,0.10402999585494399,heond,heond,5,9414961,high,high,pseudo
544,s190,544,137,0,'c' 'o',co,0.07196401711553335,cooed,cooed,6,3609272,med,med,low
545,s190,545,137,1, 'o' 'o',oo,0.16807018197141588,cooed,cooed,6,1933683,med,med,low
546,s190,546,137,2, 'o' 'e',oe,0.10398509609512985,cooed,cooed,6,270012,low,med,low
547,s190,547,137,3, 'e' 'd',ed,0.15990344597958028,cooed,cooed,6,7805967,high,med,low
548,s190,548,138,0,'e' 'd',ed,0.14407257293350995,edthe,edthe,5,7805967,high,high,pseudo
549,s190,549,138,1, 'd' 't',dt,0.20004509296268225,edthe,edthe,5,11191,low,high,pseudo
550,s190,550,138,2, 't' 'h',th,0.04001917317509651,edthe,edthe,5,22288309,high,high,pseudo
551,s190,551,138,3, 'h' 'e',he,0.1439249508548528,edthe,edthe,5,21484684,high,high,pseudo
552,s190,552,139,0,'t' 'h',th,0.05610666912980378,theme,theme,5,22288309,high,high,med
553,s190,553,139,1, 'h' 'e',he,0.11994561785832047,theme,theme,5,21484684,high,high,med
554,s190,554,139,2, 'e' 'm',em,0.12796176015399396,theme,theme,5,2039661,med,high,med
555,s190,555,139,3, 'm' 'e',me,0.024118117056787014,theme,theme,5,4724108,med,high,med
556,s190,556,140,0,'a' 'b',ab,0.16808210802264512,about,about,6,1203849,med,med,high
557,s190,557,140,1, 'b' 'o',bo,0.08003994706086814,about,about,6,1140702,med,med,high
558,s190,558,140,2, 'o' 'u',ou,0.11199329094961286,about,about,6,7425307,high,med,high
559,s190,559,140,3, 'u' 't',ut,0.039863371988758445,about,about,6,3257233,med,med,high
560,s190,560,141,0,'c' 'h',ch,0.09596289391629398,cheer,cheer,5,3267507,med,high,med
561,s190,561,141,1, 'h' 'e',he,0.1039785339962691,cheer,cheer,5,21484684,high,high,med
562,s190,562,141,2, 'e' 'e',ee,0.12793667404912412,cheer,cheer,5,2839722,med,high,med
563,s190,563,141,3, 'e' 'r',er,0.144132019020617,cheer,cheer,5,12934901,high,high,med
564,s190,564,142,0,'t' 'h',th,0.03989351983182132,there,there,6,22288309,high,high,high
565,s190,565,142,1, 'h' 'e',he,0.12798207718878984,there,there,6,21484684,high,high,high
566,s190,566,142,2, 'e' 'r',er,0.14410854899324477,there,there,6,12934901,high,high,high
567,s190,567,142,3, 'r' 'e',re,0.1359006790444255,there,there,6,10687711,high,high,high
568,s190,568,143,0,'b' 'e',be,0.1118995500728488,belly,bely,7,3798740,med,med,med
569,s190,569,143,1, 'e' 'l',el,0.3200302019249648,belly,bely,7,3235254,med,med,med
570,s190,570,143,2, 'l' 'y',ll,0.1520451761316508,belly,bely,7,4235407,med,med,med
571,s190,571,144,0,'l' 'u',lu,0.1679593939334154,lucky,lucky,6,568081,med,low,high
572,s190,572,144,1, 'u' 'c',uc,0.09614861896261573,lucky,lucky,6,891233,med,low,high
573,s190,573,144,2, 'c' 'k',ck,0.11993565200828016,lucky,lucky,6,925655,med,low,high
574,s190,574,144,3, 'k' 'y',ky,0.07994339801371098,lucky,lucky,6,49764,low,low,high
575,s190,575,145,0,'c' 'h',ch,0.07185724913142622,champ,champ,7,3267507,med,med,med
576,s190,576,145,1, 'h' 'a',ha,0.12012437800876796,champ,champ,7,6967591,high,med,med
577,s190,577,145,2, 'a' 'm',am,0.14393166499212384,champ,champ,7,1610395,med,med,med
578,s190,578,145,3, 'm' 'p',mp,0.23207989009097219,champ,champ,7,1042198,med,med,med
579,s190,579,146,0,'t' 'h',th,0.07991760806180537,therm,therm,5,22288309,high,high,low
580,s190,580,146,1, 'h' 'e',he,0.1360783320851624,therm,therm,5,21484684,high,high,low
581,s190,581,146,2, 'e' 'r',er,0.15999421197921038,therm,therm,5,12934901,high,high,low
582,s190,582,146,3, 'r' 'm',rm,0.056021214928478,therm,therm,5,905131,med,high,low
583,s190,583,147,0,'t' 'h',th,0.1520410340745002,there,therwe,7,22288309,high,high,high
584,s190,584,147,1, 'h' 'e',he,0.07990137487649918,there,therwe,7,21484684,high,high,high
585,s190,585,147,2, 'e' 'r',er,0.1840941971167922,there,therwe,7,12934901,high,high,high
586,s190,586,147,3, 'r' 'w',re,0.14392939396202564,there,therwe,7,10687711,high,high,high
587,s190,587,147,4, 'w' 'e',,0.0,there,therwe,7,,,high,high
588,s190,588,148,0,'z' 'i',zi,0.13588425586931407,zibja,zibja,6,54565,low,low,pseudo
589,s190,589,148,1, 'i' 'b',ib,0.4080051579512656,zibja,zibja,6,493267,low,low,pseudo
590,s190,590,148,2, 'b' 'j',bj,0.26406883308663964,zibja,zibja,6,105433,low,low,pseudo
591,s190,591,148,3, 'j' 'a',ja,0.09602581593208015,zibja,zibja,6,40073,low,low,pseudo
592,s190,592,149,0,'p' 'y',py,0.16797102405689657,pykka,pykka,5,149099,low,low,pseudo
593,s190,593,149,1, 'y' 'k',yk,0.13602926186285913,pykka,pykka,5,4767,low,low,pseudo
594,s190,594,149,2, 'k' 'k',kk,0.15193682396784425,pykka,pykka,5,1820,low,low,pseudo
595,s190,595,149,3, 'k' 'a',ka,0.06412429618649185,pykka,pykka,5,60568,low,low,pseudo
596,s190,596,150,0,'t' 'i',ti,0.24801347381435335,tithe,tithe,6,5135552,high,high,low
597,s190,597,150,1, 'i' 't',it,0.1919813679996878,tithe,tithe,6,6637233,high,high,low
598,s190,598,150,2, 't' 'h',th,0.22402069112285972,tithe,tithe,6,22288309,high,high,low
599,s190,599,150,3, 'h' 'e',he,0.10400750208646059,tithe,tithe,6,21484684,high,high,low
600,s190,600,151,0,'h' 'e',he,0.18401772994548082,heond,heond,6,21484684,high,high,pseudo
601,s190,601,151,1, 'e' 'o',eo,0.14403560804203153,heond,heond,6,305120,low,high,pseudo
602,s190,602,151,2, 'o' 'n',on,0.2799876988865435,heond,heond,6,8830487,high,high,pseudo
603,s190,603,151,3, 'n' 'd',nd,0.13603504304774106,heond,heond,6,9414961,high,high,pseudo
604,s190,604,152,0,'b' 'e',be,0.12006432306952775,belly,belly,8,3798740,med,med,med
605,s190,605,152,1, 'e' 'l',el,0.11198163800872862,belly,belly,8,3235254,med,med,med
606,s190,606,152,2, 'l' 'l',ll,0.1600189961027354,belly,belly,8,4235407,med,med,med
607,s190,607,152,3, 'l' 'y',ly,0.10394136188551784,belly,belly,8,2589130,med,med,med
608,s190,608,153,0,'c' 'h',ch,0.0960300110746175,cheer,cheer,6,3267507,med,high,med
609,s190,609,153,1, 'h' 'e',he,0.38399049593135715,cheer,cheer,6,21484684,high,high,med
610,s190,610,153,2, 'e' 'e',ee,0.24001946300268173,cheer,cheer,6,2839722,med,high,med
611,s190,611,153,3, 'e' 'r',er,0.22398003097623587,cheer,cheer,6,12934901,high,high,med
612,s190,612,154,0,'d' 'r',dr,0.19206334208138287,druze,druze,7,,,low,low
613,s190,613,154,1, 'r' 'u',ru,0.0800031810067594,druze,druze,7,705492,med,low,low
614,s190,614,154,2, 'u' 'z',uz,0.1519566581118852,druze,druze,7,,,low,low
615,s190,615,154,3, 'z' 'e',ze,0.15204918081872165,druze,druze,7,,,low,low
616,s190,616,155,0,'t' 'i',ti,0.15993273397907615,tithe,tithe,7,5135552,high,high,low
617,s190,617,155,1, 'i' 't',it,0.13609152613207698,tithe,tithe,7,6637233,high,high,low
618,s190,618,155,2, 't' 'h',th,0.17592038703151047,tithe,tithe,7,22288309,high,high,low
619,s190,619,155,3, 'h' 'e',he,0.12808398297056556,tithe,tithe,7,21484684,high,high,low
620,s190,620,156,0,'d' 'r',dr,0.17605591984465718,druze,druze,8,,,low,low
621,s190,621,156,1, 'r' 'u',ru,0.04799309093505144,druze,druze,8,705492,med,low,low
622,s190,622,156,2, 'u' 'z',uz,0.18407712620683014,druze,druze,8,,,low,low
623,s190,623,156,3, 'z' 'e',ze,0.1279946758877486,druze,druze,8,,,low,low
624,s190,624,157,0,'c' 'o',co,0.12795980088412762,cooed,cooed,7,3609272,med,med,low
625,s190,625,157,1, 'o' 'o',oo,0.14395335596054792,cooed,cooed,7,1933683,med,med,low
626,s190,626,157,2, 'o' 'e',oe,0.09605482616461813,cooed,cooed,7,270012,low,med,low
627,s190,627,157,3, 'e' 'd',ed,0.15199497598223388,cooed,cooed,7,7805967,high,med,low
628,s190,628,158,0,'h' 'o',he,0.42409275379031897,heond,hoend,7,21484684,high,high,pseudo
629,s190,629,158,1, 'o' 'e',eo,0.143989363219589,heond,hoend,7,305120,low,high,pseudo
630,s190,630,158,2, 'e' 'n',on,0.151890390785411,heond,hoend,7,8830487,high,high,pseudo
631,s190,631,158,3, 'n' 'd',nd,0.11203999421559274,heond,hoend,7,9414961,high,high,pseudo
632,s190,632,159,0,'w' 'o',wo,0.07204783777706325,would,would,6,1723496,med,med,high
633,s190,633,159,1, 'o' 'u',ou,0.12790444120764732,would,would,6,7425307,high,med,high
634,s190,634,159,2, 'u' 'l',ul,0.17610258795320988,would,would,6,2181271,med,med,high
635,s190,635,159,3, 'l' 'd',ld,0.0559625590685755,would,would,6,2012500,med,med,high
636,s190,636,160,0,'h' 'a',ha,0.22394789196550846,haole,haole,5,6967591,high,med,low
637,s190,637,160,1, 'a' 'o',ao,0.12789110303856432,haole,haole,5,25487,low,med,low
638,s190,638,160,2, 'o' 'l',ol,0.19211847195401788,haole,haole,5,1804856,med,med,low
639,s190,639,160,3, 'l' 'e',le,0.07997691887430847,haole,haole,5,5038239,high,med,low
640,s190,640,161,0,'b' 'e',be,0.11994639318436384,belly,belly,9,3798740,med,med,med
641,s190,641,161,1, 'e' 'l',el,0.1359566089231521,belly,belly,9,3235254,med,med,med
642,s190,642,161,2, 'l' 'l',ll,0.15212317206896842,belly,belly,9,4235407,med,med,med
643,s190,643,161,3, 'l' 'y',ly,0.08787600882351398,belly,belly,9,2589130,med,med,med
644,s190,644,162,0,'e' 'd',ed,0.18393892608582973,edthe,edthe,6,7805967,high,high,pseudo
645,s190,645,162,1, 'd' 't',dt,0.17610201286152005,edthe,edthe,6,11191,low,high,pseudo
646,s190,646,162,2, 't' 'h',th,0.08788218698464334,edthe,edthe,6,22288309,high,high,pseudo
647,s190,647,162,3, 'h' 'e',he,0.09600464114919305,edthe,edthe,6,21484684,high,high,pseudo
648,s190,648,163,0,'l' 'u',lu,0.19199432991445065,lucky,lucky,7,568081,med,low,high
649,s190,649,163,1, 'u' 'c',uc,0.11997694498859346,lucky,lucky,7,891233,med,low,high
650,s190,650,163,2, 'c' 'k',ck,0.11993619403801858,lucky,lucky,7,925655,med,low,high
651,s190,651,163,3, 'k' 'y',ky,0.09605936799198389,lucky,lucky,7,49764,low,low,high
652,s190,652,164,0,'c' 'h',ch,0.06412076810374856,cheer,cheer,7,3267507,med,high,med
653,s190,653,164,1, 'h' 'e',he,0.11198046989738941,cheer,cheer,7,21484684,high,high,med
654,s190,654,164,2, 'e' 'e',ee,0.13589004101231694,cheer,cheer,7,2839722,med,high,med
655,s190,655,164,3, 'e' 'r',er,0.15212121210061014,cheer,cheer,7,12934901,high,high,med
656,s190,656,165,0,'a' 'b',ab,0.18405364896170795,about,about,7,1203849,med,med,high
657,s190,657,165,1, 'b' 'o',bo,0.0959996439050883,about,about,7,1140702,med,med,high
658,s190,658,165,2, 'o' 'u',ou,0.096009761095047,about,about,7,7425307,high,med,high
659,s190,659,165,3, 'u' 't',ut,0.05593236885033548,about,about,7,3257233,med,med,high
660,s190,660,166,0,'w' 'o',wo,0.14396182401105762,would,would,7,1723496,med,med,high
661,s190,661,166,1, 'o' 'u',ou,0.13591880910098553,would,would,7,7425307,high,med,high
662,s190,662,166,2, 'u' 'l',ul,0.19201600993983448,would,would,7,2181271,med,med,high
663,s190,663,166,3, 'l' 'd',ld,0.11209456506185234,would,would,7,2012500,med,med,high
664,s190,664,167,0,'h' 'a',ha,0.13588883890770376,haole,haole,6,6967591,high,med,low
665,s190,665,167,1, 'a' 'o',ao,0.11209053895436227,haole,haole,6,25487,low,med,low
666,s190,666,167,2, 'o' 'l',ol,0.19192074006423354,haole,haole,6,1804856,med,med,low
667,s190,667,167,3, 'l' 'e',le,0.7999996789731085,haole,haole,6,5038239,high,med,low
668,s190,668,168,0,'k' 'r',kr,0.055836066137999296,kremp,kremp,5,5683,low,med,pseudo
669,s190,669,168,1, 'r' 'e',re,0.15206823288463056,kremp,kremp,5,10687711,high,med,pseudo
670,s190,670,168,2, 'e' 'm',em,0.05609408114105463,kremp,kremp,5,2039661,med,med,pseudo
671,s190,671,168,3, 'm' 'p',mp,0.16788953798823059,kremp,kremp,5,1042198,med,med,pseudo
672,s190,672,169,0,'t' 'h',th,0.07201389991678298,therm,therm,6,22288309,high,high,low
673,s190,673,169,1, 'h' 'e',he,0.11214876803569496,therm,therm,6,21484684,high,high,low
674,s190,674,169,2, 'e' 'r',er,0.14384621591307223,therm,therm,6,12934901,high,high,low
675,s190,675,169,3, 'r' 'm',rm,0.0720125799998641,therm,therm,6,905131,med,high,low
676,s190,676,170,0,'f' 'q',fa,0.3198910290375352,faqir,fqir,6,1043958,med,low,low
677,s190,677,170,1, 'q' 'i',aq,0.7759949029423296,faqir,fqir,6,4924,low,low,low
678,s190,678,170,2, 'i' 'r',qi,0.15216555004008114,faqir,fqir,6,36,low,low,low
679,s190,679,171,0,'p' 'u',pu,0.16803905298002064,puppy,puppy,5,514720,low,low,med
680,s190,680,171,1, 'u' 'p',up,0.19190404121764004,puppy,puppy,5,968744,med,low,med
681,s190,681,171,2, 'p' 'p',pp,0.11997513379901648,puppy,puppy,5,805170,med,low,med
682,s190,682,171,3, 'p' 'y',py,0.14414137601852417,puppy,puppy,5,149099,low,low,med
683,s190,683,172,0,'e' 'd',ed,0.1841693539172411,edthe,edthe,7,7805967,high,high,pseudo
684,s190,684,172,1, 'd' 't',dt,0.1759460719767958,edthe,edthe,7,11191,low,high,pseudo
685,s190,685,172,2, 't' 'h',th,0.07989118015393615,edthe,edthe,7,22288309,high,high,pseudo
686,s190,686,172,3, 'h' 'e',he,0.11199500598013401,edthe,edthe,7,21484684,high,high,pseudo
687,s190,687,173,0,'f' 'a',fa,0.19202895718626678,faqir,faqir,7,1043958,med,low,low
688,s190,688,173,1, 'a' 'q',aq,0.30408854386769235,faqir,faqir,7,4924,low,low,low
689,s190,689,173,2, 'q' 'i',qi,0.10388826299458742,faqir,faqir,7,36,low,low,low
690,s190,690,173,3, 'i' 'r',ir,0.2079882121179253,faqir,faqir,7,2142678,med,low,low
691,s190,691,174,0,'v' 'a',va,0.12001418485306203,vanru,vanru,5,560130,med,med,pseudo
692,s190,692,174,1, 'a' 'n',an,0.14388023503124714,vanru,vanru,5,12315713,high,med,pseudo
693,s190,693,174,2, 'n' 'r',nr,0.1440471149981022,vanru,vanru,5,54341,low,med,pseudo
694,s190,694,174,3, 'r' 'u',ru,0.08793330495245755,vanru,vanru,5,705492,med,med,pseudo
695,s190,695,175,0,'t' 'h',th,0.10404870589263737,therm,therm,7,22288309,high,high,low
696,s190,696,175,1, 'h' 'e',he,0.10400004405528307,therm,therm,7,21484684,high,high,low
697,s190,697,175,2, 'e' 'r',er,0.15197545709088445,therm,therm,7,12934901,high,high,low
698,s190,698,175,3, 'r' 'm',rm,0.08804285200312734,therm,therm,7,905131,med,high,low
699,s190,699,176,0,'f' 'a',fa,0.1280284859240055,faqir,faqir,8,1043958,med,low,low
700,s190,700,176,1, 'a' 'q',aq,0.31198499514721334,faqir,faqir,8,4924,low,low,low
701,s190,701,176,2, 'q' 'i',qi,0.08800551085732877,faqir,faqir,8,36,low,low,low
702,s190,702,176,3, 'i' 'r',ir,0.12800451600924134,faqir,faqir,8,2142678,med,low,low
703,s190,703,177,0,'p' 'y',py,0.2880544038489461,pykka,pykka,6,149099,low,low,pseudo
704,s190,704,177,1, 'y' 'k',yk,0.4080158460419625,pykka,pykka,6,4767,low,low,pseudo
705,s190,705,177,2, 'k' 'k',kk,0.15198515797965229,pykka,pykka,6,1820,low,low,pseudo
706,s190,706,177,3, 'k' 'a',ka,0.12801823299378157,pykka,pykka,6,60568,low,low,pseudo
707,s190,707,178,0,'p' 'u',pu,0.1998793149832636,puppy,puppy,6,514720,low,low,med
708,s190,708,178,1, 'u' 'p',up,0.2400753339752555,puppy,puppy,6,968744,med,low,med
709,s190,709,178,2, 'p' 'p',pp,0.11991326091811061,puppy,puppy,6,805170,med,low,med
710,s190,710,178,3, 'p' 'y',py,0.26406116411089897,puppy,puppy,6,149099,low,low,med
711,s190,711,179,0,'t' 'h',th,0.0719427028670907,therm,therm,8,22288309,high,high,low
712,s190,712,179,1, 'h' 'e',he,0.12811198411509395,therm,therm,8,21484684,high,high,low
713,s190,713,179,2, 'e' 'r',er,0.13589314091950655,therm,therm,8,12934901,high,high,low
714,s190,714,179,3, 'r' 'm',rm,0.08005424309521914,therm,therm,8,905131,med,high,low
715,s190,715,180,0,'t' 'h',th,0.07197924400679767,theme,theme,6,22288309,high,high,med
716,s190,716,180,1, 'h' 'e',he,0.12799108098261058,theme,theme,6,21484684,high,high,med
717,s190,717,180,2, 'e' 'm',em,0.11213335301727057,theme,theme,6,2039661,med,high,med
718,s190,718,180,3, 'm' 'e',me,0.05587266106158495,theme,theme,6,4724108,med,high,med
719,s190,719,181,0,'t' 'i',ti,0.17588703683577478,tithe,tithe,8,5135552,high,high,low
720,s190,720,181,1, 'i' 't',it,0.10406238702125847,tithe,tithe,8,6637233,high,high,low
721,s190,721,181,2, 't' 'h',th,0.15202843211591244,tithe,tithe,8,22288309,high,high,low
722,s190,722,181,3, 'h' 'e',he,0.11199436895549297,tithe,tithe,8,21484684,high,high,low
723,s190,723,182,0,'h' 'e',he,0.14413803489878774,heond,heond,8,21484684,high,high,pseudo
724,s190,724,182,1, 'e' 'o',eo,0.10387672297656536,heond,heond,8,305120,low,high,pseudo
725,s190,725,182,2, 'o' 'n',on,0.16012221691198647,heond,heond,8,8830487,high,high,pseudo
726,s190,726,182,3, 'n' 'd',nd,0.09598397416993976,heond,heond,8,9414961,high,high,pseudo
727,s190,727,183,0,'l' 'u',lu,0.16803074395284057,lucky,lucky,8,568081,med,low,high
728,s190,728,183,1, 'u' 'c',uc,0.13603239902295172,lucky,lucky,8,891233,med,low,high
729,s190,729,183,2, 'c' 'k',ck,0.09599642804823816,lucky,lucky,8,925655,med,low,high
730,s190,730,183,3, 'k' 'y',ky,0.08795634494163096,lucky,lucky,8,49764,low,low,high
731,s190,731,184,0,'v' 'a',va,0.024069976061582565,vanru,vanru,6,560130,med,med,pseudo
732,s190,732,184,1, 'a' 'n',an,1.5278982799500227,vanru,vanru,6,12315713,high,med,pseudo
733,s190,733,184,2, 'n' 'r',nr,0.1439802071545273,vanru,vanru,6,54341,low,med,pseudo
734,s190,734,184,3, 'r' 'u',ru,0.08007656200788915,vanru,vanru,6,705492,med,med,pseudo
735,s190,735,185,0,'w' 'o',wo,0.07998631615191698,would,would,8,1723496,med,med,high
736,s190,736,185,1, 'o' 'u',ou,0.1281062657944858,would,would,8,7425307,high,med,high
737,s190,737,185,2, 'u' 'l',ul,0.1759484091307968,would,would,8,2181271,med,med,high
738,s190,738,185,3, 'l' 'd',ld,0.0799086270853877,would,would,8,2012500,med,med,high
739,s190,739,186,0,'t' 'h',th,0.06388590391725302,there,there,8,22288309,high,high,high
740,s190,740,186,1, 'h' 'e',he,0.11212565889582038,there,there,8,21484684,high,high,high
741,s190,741,186,2, 'e' 'r',er,0.14394405600614846,there,there,8,12934901,high,high,high
742,s190,742,186,3, 'r' 'e',re,0.1520239661913365,there,there,8,10687711,high,high,high
743,s190,743,187,0,'v' 'o',vo,0.13603915413841605,vodka,vodka,6,368238,low,low,med
744,s190,744,187,1, 'o' 'd',od,0.2639519909862429,vodka,vodka,6,1013147,med,low,med
745,s190,745,187,2, 'd' 'k',dk,0.13594885799102485,vodka,vodka,6,5347,low,low,med
746,s190,746,187,3, 'k' 'a',ka,0.12004388589411974,vodka,vodka,6,60568,low,low,med
747,s190,747,188,0,'l' 'u',lu,0.16801526094786823,lucky,lucky,9,568081,med,low,high
748,s190,748,188,1, 'u' 'c',uc,0.12805028492584825,lucky,lucky,9,891233,med,low,high
749,s190,749,188,2, 'c' 'k',ck,0.1279375860467553,lucky,lucky,9,925655,med,low,high
750,s190,750,188,3, 'k' 'y',ky,0.10392129397951066,lucky,lucky,9,49764,low,low,high
751,s190,751,189,0,'b' 'u',bu,0.13603944308124483,buddy,buddy,6,1183063,med,low,high
752,s190,752,189,1, 'u' 'd',ud,0.11206509894691408,buddy,buddy,6,458716,low,low,high
753,s190,753,189,2, 'd' 'd',dd,0.11993181216530502,buddy,buddy,6,306083,low,low,high
754,s190,754,189,3, 'd' 'y',dy,0.06407526088878512,buddy,buddy,6,360103,low,low,high
755,s190,755,190,0,'t' 'h',th,0.055924911983311176,think,think,5,22288309,high,high,high
756,s190,756,190,1, 'h' 'i',hi,0.14409910305403173,think,think,5,6198006,high,high,high
757,s190,757,190,2, 'i' 'n',in,0.08801568509079516,think,think,5,13597302,high,high,high
758,s190,758,190,3, 'n' 'k',nk,0.11185288894921541,think,think,5,445067,low,high,high
759,s190,759,191,0,'b' 'u',bu,0.12001700000837445,buddy,buddy,7,1183063,med,low,high
760,s190,760,191,1, 'u' 'd',ud,0.11989824404008687,buddy,buddy,7,458716,low,low,high
761,s190,761,191,2, 'd' 'd',dd,0.12805619300343096,buddy,buddy,7,306083,low,low,high
762,s190,762,191,3, 'd' 'y',dy,0.0719859260134399,buddy,buddy,7,360103,low,low,high
763,s190,763,192,0,'o' 'o',co,0.62394605204463,cooed,ooed,8,3609272,med,med,low
764,s190,764,192,1, 'o' 'e',oo,0.18395360792055726,cooed,ooed,8,1933683,med,med,low
765,s190,765,192,2, 'e' 'd',oe,0.16801227000541985,cooed,ooed,8,270012,low,med,low
766,s190,766,193,0,'b' 'u',bu,0.13594352407380939,buddy,buddy,8,1183063,med,low,high
767,s190,767,193,1, 'u' 'd',ud,0.11200286983512342,buddy,buddy,8,458716,low,low,high
768,s190,768,193,2, 'd' 'd',dd,0.12000346509739757,buddy,buddy,8,306083,low,low,high
769,s190,769,193,3, 'd' 'y',dy,0.07210442307405174,buddy,buddy,8,360103,low,low,high
770,s190,770,194,0,'c' 'h',ch,0.07991213910281658,champ,champ,8,3267507,med,med,med
771,s190,771,194,1, 'h' 'a',ha,0.11211955803446472,champ,champ,8,6967591,high,med,med
772,s190,772,194,2, 'a' 'm',am,0.10389467002823949,champ,champ,8,1610395,med,med,med
773,s190,773,194,3, 'm' 'p',mp,0.1600577449426055,champ,champ,8,1042198,med,med,med
774,s190,774,195,0,'p' 'u',pu,0.1840167900081724,puppy,puppy,7,514720,low,low,med
775,s190,775,195,1, 'u' 'p',up,0.16796709899790585,puppy,puppy,7,968744,med,low,med
776,s190,776,195,2, 'p' 'p',pp,0.14399089594371617,puppy,puppy,7,805170,med,low,med
777,s190,777,195,3, 'p' 'y',py,0.08000654308125377,puppy,puppy,7,149099,low,low,med
778,s190,778,196,0,'p' 'y',py,0.17601232696324587,pykka,pykka,7,149099,low,low,pseudo
779,s190,779,196,1, 'y' 'k',yk,0.17599081504158676,pykka,pykka,7,4767,low,low,pseudo
780,s190,780,196,2, 'k' 'k',kk,0.14389057108201087,pykka,pykka,7,1820,low,low,pseudo
781,s190,781,196,3, 'k' 'a',ka,0.09609039593487978,pykka,pykka,7,60568,low,low,pseudo
782,s190,782,197,0,'t' 'h',th,0.06400357303209603,there,there,9,22288309,high,high,high
783,s190,783,197,1, 'h' 'e',he,0.12794355512596667,there,there,9,21484684,high,high,high
784,s190,784,197,2, 'e' 'r',er,0.15198423084802926,there,there,9,12934901,high,high,high
785,s190,785,197,3, 'r' 'e',re,0.1360445620957762,there,there,9,10687711,high,high,high
786,s190,786,198,0,'t' 'h',th,0.07190255797468126,therm,therm,9,22288309,high,high,low
787,s190,787,198,1, 'h' 'e',he,0.12809465499594808,therm,therm,9,21484684,high,high,low
788,s190,788,198,2, 'e' 'r',er,0.11994957714341581,therm,therm,9,12934901,high,high,low
789,s190,789,198,3, 'r' 'm',rm,0.10401757783256471,therm,therm,9,905131,med,high,low
790,s190,790,199,0,'k' 't',kr,0.11189146596007049,kremp,ktrermp,6,5683,low,med,pseudo
791,s190,791,199,1, 't' 'r',re,0.0,kremp,ktrermp,6,10687711,high,med,pseudo
792,s190,792,199,2, 'r' 'e',em,0.13613174995407462,kremp,ktrermp,6,2039661,med,med,pseudo
793,s190,793,199,3, 'e' 'r',mp,0.0,kremp,ktrermp,6,1042198,med,med,pseudo
794,s190,794,199,4, 'r' 'm',,0.03198066004551947,kremp,ktrermp,6,,,med,pseudo
795,s190,795,199,5, 'm' 'p',,0.1920406511053443,kremp,ktrermp,6,,,med,pseudo
796,s190,796,200,0,'d' 'r',dr,0.15197505801916122,druze,druze,9,,,low,low
797,s190,797,200,1, 'r' 'u',ru,0.0799004069995135,druze,druze,9,705492,med,low,low
798,s190,798,200,2, 'u' 'z',uz,0.14408735698089004,druze,druze,9,,,low,low
799,s190,799,200,3, 'z' 'e',ze,0.12800157815217972,druze,druze,9,,,low,low
800,s190,800,201,0,'w' 'o',wo,0.09603802999481559,would,would,9,1723496,med,med,high
801,s190,801,201,1, 'o' 'u',ou,0.11997492192313075,would,would,9,7425307,high,med,high
802,s190,802,201,2, 'u' 'l',ul,0.1839857711456716,would,would,9,2181271,med,med,high
803,s190,803,201,3, 'l' 'd',ld,0.06408282998017967,would,would,9,2012500,med,med,high
804,s190,804,202,0,'h' 'a',ha,0.1679813638329506,haole,haole,7,6967591,high,med,low
805,s190,805,202,1, 'a' 'o',ao,0.0879473420791328,haole,haole,7,25487,low,med,low
806,s190,806,202,2, 'o' 'l',ol,0.1920504760928452,haole,haole,7,1804856,med,med,low
807,s190,807,202,3, 'l' 'e',le,0.07992282998748124,haole,haole,7,5038239,high,med,low
808,s190,808,203,0,'v' 'a',va,0.13610271597281098,vanru,vanru,7,560130,med,med,pseudo
809,s190,809,203,1, 'a' 'n',an,0.0959225301630795,vanru,vanru,7,12315713,high,med,pseudo
810,s190,810,203,2, 'n' 'r',nr,0.12002261495217681,vanru,vanru,7,54341,low,med,pseudo
811,s190,811,203,3, 'r' 'u',ru,0.0720030888915062,vanru,vanru,7,705492,med,med,pseudo
812,s190,812,204,0,'k' 'r',kr,0.0960689929779619,kremp,kremp,7,5683,low,med,pseudo
813,s190,813,204,1, 'r' 'e',re,0.15998760098591447,kremp,kremp,7,10687711,high,med,pseudo
814,s190,814,204,2, 'e' 'm',em,0.06403148197568953,kremp,kremp,7,2039661,med,med,pseudo
815,s190,815,204,3, 'm' 'p',mp,0.14398353616707027,kremp,kremp,7,1042198,med,med,pseudo
816,s190,816,205,0,'t' 'h',th,0.0879982658661902,theme,theme,7,22288309,high,high,med
817,s190,817,205,1, 'h' 'e',he,0.12800096604041755,theme,theme,7,21484684,high,high,med
818,s190,818,205,2, 'e' 'm',em,0.09595704497769475,theme,theme,7,2039661,med,high,med
819,s190,819,205,3, 'm' 'e',me,0.06395598105154932,theme,theme,7,4724108,med,high,med
820,s190,820,206,0,'b' 'u',bu,0.1199069581925869,buddy,buddy,9,1183063,med,low,high
821,s190,821,206,1, 'u' 'd',ud,0.12005358980968595,buddy,buddy,9,458716,low,low,high
822,s190,822,206,2, 'd' 'd',dd,0.12794374814257026,buddy,buddy,9,306083,low,low,high
823,s190,823,206,3, 'd' 'y',dy,0.056061589857563376,buddy,buddy,9,360103,low,low,high
824,s190,824,207,0,'p' 'u',pu,0.17600419302470982,puppy,puppy,8,514720,low,low,med
825,s190,825,207,1, 'u' 'p',up,0.1439237801823765,puppy,puppy,8,968744,med,low,med
826,s190,826,207,2, 'p' 'p',pp,0.15210085385479033,puppy,puppy,8,805170,med,low,med
827,s190,827,207,3, 'p' 'y',py,0.079888234147802,puppy,puppy,8,149099,low,low,med
828,s190,828,208,0,'t' 'i',ti,0.28007105621509254,tithe,tithe,9,5135552,high,high,low
829,s190,829,208,1, 'i' 't',it,0.17596279690042138,tithe,tithe,9,6637233,high,high,low
830,s190,830,208,2, 't' 'h',th,0.13609723304398358,tithe,tithe,9,22288309,high,high,low
831,s190,831,208,3, 'h' 'e',he,0.11190937994979322,tithe,tithe,9,21484684,high,high,low
832,s190,832,209,0,'f' 'a',fa,0.19998785108327866,faqir,faqir,9,1043958,med,low,low
833,s190,833,209,1, 'a' 'q',aq,0.6321160509251058,faqir,faqir,9,4924,low,low,low
834,s190,834,209,2, 'q' 'i',qi,0.1999958159867674,faqir,faqir,9,36,low,low,low
835,s190,835,209,3, 'i' 'r',ir,0.39197570108808577,faqir,faqir,9,2142678,med,low,low
836,s190,836,210,0,'z' 'i',zi,0.2960440628230572,zibja,zibja,7,54565,low,low,pseudo
837,s190,837,210,1, 'i' 'b',ib,0.20799457398243248,zibja,zibja,7,493267,low,low,pseudo
838,s190,838,210,2, 'b' 'j',bj,0.25588739407248795,zibja,zibja,7,105433,low,low,pseudo
839,s190,839,210,3, 'j' 'a',ja,0.16804664791561663,zibja,zibja,7,40073,low,low,pseudo
840,s190,840,211,0,'e' 'd',ed,0.17598922713659704,edthe,edthe,8,7805967,high,high,pseudo
841,s190,841,211,1, 'd' 't',dt,0.19999731588177383,edthe,edthe,8,11191,low,high,pseudo
842,s190,842,211,2, 't' 'h',th,0.08808407909236848,edthe,edthe,8,22288309,high,high,pseudo
843,s190,843,211,3, 'h' 'e',he,0.11991019686684012,edthe,edthe,8,21484684,high,high,pseudo
844,s190,844,212,0,'p' 'u',pu,0.16804772708564997,puppy,puppy,9,514720,low,low,med
845,s190,845,212,1, 'u' 'p',up,0.15990648581646383,puppy,puppy,9,968744,med,low,med
846,s190,846,212,2, 'p' 'p',pp,0.13612320413812995,puppy,puppy,9,805170,med,low,med
847,s190,847,212,3, 'p' 'y',py,0.12788825808092952,puppy,puppy,9,149099,low,low,med
848,s190,848,213,0,'v' 'o',vo,0.12001021392643452,vodka,vodka,7,368238,low,low,med
849,s190,849,213,1, 'o' 'd',od,0.3040028780233115,vodka,vodka,7,1013147,med,low,med
850,s190,850,213,2, 'd' 'k',dk,0.14386645308695734,vodka,vodka,7,5347,low,low,med
851,s190,851,213,3, 'k' 'a',ka,0.1361200208775699,vodka,vodka,7,60568,low,low,med
852,s190,852,214,0,'h' 'e',he,0.21594320703297853,heond,heond,9,21484684,high,high,pseudo
853,s190,853,214,1, 'e' 'o',eo,0.2001095819287002,heond,heond,9,305120,low,high,pseudo
854,s190,854,214,2, 'o' 'n',on,0.25584572018124163,heond,heond,9,8830487,high,high,pseudo
855,s190,855,214,3, 'n' 'd',nd,0.17604417400434613,heond,heond,9,9414961,high,high,pseudo
856,s190,856,215,0,'a' 'b',ab,0.20797530515119433,about,about,8,1203849,med,med,high
857,s190,857,215,1, 'b' 'o',bo,0.056025042897090316,about,about,8,1140702,med,med,high
858,s190,858,215,2, 'o' 'u',ou,0.13606331194750965,about,about,8,7425307,high,med,high
859,s190,859,215,3, 'u' 't',ut,0.04795015719719231,about,about,8,3257233,med,med,high
860,s190,860,216,0,'z' 'i',zi,0.17607634793967009,zibja,zibja,8,54565,low,low,pseudo
861,s190,861,216,1, 'i' 'b',ib,0.21593194012530148,zibja,zibja,8,493267,low,low,pseudo
862,s190,862,216,2, 'b' 'j',bj,0.15999630000442266,zibja,zibja,8,105433,low,low,pseudo
863,s190,863,216,3, 'j' 'a',ja,0.12000227090902627,zibja,zibja,8,40073,low,low,pseudo
864,s190,864,217,0,'v' 'o',vo,0.19997223699465394,vodka,vodka,8,368238,low,low,med
865,s190,865,217,1, 'o' 'd',od,0.7679308920633048,vodka,vodka,8,1013147,med,low,med
866,s190,866,217,2, 'd' 'k',dk,0.1360069909133017,vodka,vodka,8,5347,low,low,med
867,s190,867,217,3, 'k' 'a',ka,0.1280467500910163,vodka,vodka,8,60568,low,low,med
868,s190,868,218,0,'e' 'd',ed,0.17610965901985765,edthe,edthe,9,7805967,high,high,pseudo
869,s190,869,218,1, 'd' 't',dt,0.18396004009991884,edthe,edthe,9,11191,low,high,pseudo
870,s190,870,218,2, 't' 'h',th,0.039929979015141726,edthe,edthe,9,22288309,high,high,pseudo
871,s190,871,218,3, 'h' 'e',he,0.1280711330473423,edthe,edthe,9,21484684,high,high,pseudo
872,s190,872,219,0,'c' 'o',co,0.14394165994599462,cooed,cooed,9,3609272,med,med,low
873,s190,873,219,1, 'o' 'o',oo,0.1521335900761187,cooed,cooed,9,1933683,med,med,low
874,s190,874,219,2, 'o' 'e',oe,0.07998740812763572,cooed,cooed,9,270012,low,med,low
875,s190,875,219,3, 'e' 'd',ed,0.1519052458461374,cooed,cooed,9,7805967,high,med,low
876,s190,876,220,0,'c' 'h',ch,0.08787558902986348,cheer,cheer,8,3267507,med,high,med
877,s190,877,220,1, 'h' 'e',he,0.12009167787618935,cheer,cheer,8,21484684,high,high,med
878,s190,878,220,2, 'e' 'e',ee,0.1360169800464064,cheer,cheer,8,2839722,med,high,med
879,s190,879,220,3, 'e' 'r',er,0.15192679595202208,cheer,cheer,8,12934901,high,high,med
880,s190,880,221,0,'t' 'h',th,0.06396337994374335,think,think,6,22288309,high,high,high
881,s190,881,221,1, 'h' 'i',hi,0.1360605910886079,think,think,6,6198006,high,high,high
882,s190,882,221,2, 'i' 'n',in,0.0959737510420382,think,think,6,13597302,high,high,high
883,s190,883,221,3, 'n' 'k',nk,0.1120480578392744,think,think,6,445067,low,high,high
884,s190,884,222,0,'v' 'a',va,0.09596703294664621,vanru,vanru,8,560130,med,med,pseudo
885,s190,885,222,1, 'a' 'n',an,0.135943140136078,vanru,vanru,8,12315713,high,med,pseudo
886,s190,886,222,2, 'n' 'r',nr,0.12007575086317956,vanru,vanru,8,54341,low,med,pseudo
887,s190,887,222,3, 'r' 'u',ru,0.07193400315009058,vanru,vanru,8,705492,med,med,pseudo
888,s190,888,223,0,'p' 'y',py,0.3120434849988669,pykka,pykka,8,149099,low,low,pseudo
889,s190,889,223,1, 'y' 'k',yk,0.3040217189118266,pykka,pykka,8,4767,low,low,pseudo
890,s190,890,223,2, 'k' 'k',kk,0.16002143104560673,pykka,pykka,8,1820,low,low,pseudo
891,s190,891,223,3, 'k' 'a',ka,0.12802670383825898,pykka,pykka,8,60568,low,low,pseudo
892,s190,892,224,0,'t' 'h',th,0.09588073496706784,think,think,7,22288309,high,high,high
893,s190,893,224,1, 'h' 'i',hi,0.1360918739810586,think,think,7,6198006,high,high,high
894,s190,894,224,2, 'i' 'n',in,0.10392599296756089,think,think,7,13597302,high,high,high
895,s190,895,224,3, 'n' 'k',nk,0.09609175706282258,think,think,7,445067,low,high,high
896,s190,896,225,0,'p' 'y',py,0.24797086999751627,pykka,pykka,9,149099,low,low,pseudo
897,s190,897,225,1, 'y' 'k',yk,0.23207363486289978,pykka,pykka,9,4767,low,low,pseudo
898,s190,898,225,2, 'k' 'k',kk,0.16002018516883254,pykka,pykka,9,1820,low,low,pseudo
899,s190,899,225,3, 'k' 'a',ka,0.07197428378276527,pykka,pykka,9,60568,low,low,pseudo
900,s190,900,226,0,'c' 'h',ch,0.08000155305489898,cheer,cheer,9,3267507,med,high,med
901,s190,901,226,1, 'h' 'e',he,0.16008441499434412,cheer,cheer,9,21484684,high,high,med
902,s190,902,226,2, 'e' 'e',ee,0.12797048594802618,cheer,cheer,9,2839722,med,high,med
903,s190,903,226,3, 'e' 'r',er,0.23194425110705197,cheer,cheer,9,12934901,high,high,med
904,s190,904,227,0,'a' 'b',ab,0.1999227290507406,about,about,9,1203849,med,med,high
905,s190,905,227,1, 'b' 'o',bo,0.08811180503107607,about,about,9,1140702,med,med,high
906,s190,906,227,2, 'o' 'u',ou,0.1360052591189742,about,about,9,7425307,high,med,high
907,s190,907,227,3, 'u' 't',ut,0.07197897089645267,about,about,9,3257233,med,med,high
908,s190,908,228,0,'h' 'a',ha,0.2560506749432534,haole,haole,8,6967591,high,med,low
909,s190,909,228,1, 'a' 'o',ao,0.16795720788650215,haole,haole,8,25487,low,med,low
910,s190,910,228,2, 'o' 'l',ol,0.23195434105582535,haole,haole,8,1804856,med,med,low
911,s190,911,228,3, 'l' 'e',le,0.13606027094647288,haole,haole,8,5038239,high,med,low
912,s190,912,229,0,'t' 'h',th,0.07202014909125865,think,think,8,22288309,high,high,high
913,s190,913,229,1, 'h' 'i',hi,0.1280749428551644,think,think,8,6198006,high,high,high
914,s190,914,229,2, 'i' 'n',in,0.11996292602270842,think,think,8,13597302,high,high,high
915,s190,915,229,3, 'n' 'k',nk,0.11204493790864944,think,think,8,445067,low,high,high
916,s190,916,230,0,'k' 'r',kr,0.1200665500946343,kremp,kremo,8,5683,low,med,pseudo
917,s190,917,230,1, 'r' 'e',re,0.160039170878008,kremp,kremo,8,10687711,high,med,pseudo
918,s190,918,230,2, 'e' 'm',em,0.12789031211286783,kremp,kremo,8,2039661,med,med,pseudo
919,s190,919,230,3, 'm' 'o',mp,0.136114512803033,kremp,kremo,8,1042198,med,med,pseudo
920,s190,920,231,0,'v' 'a',va,0.18399879802018404,vanru,vanru,9,560130,med,med,pseudo
921,s190,921,231,1, 'a' 'n',an,0.08795056585222483,vanru,vanru,9,12315713,high,med,pseudo
922,s190,922,231,2, 'n' 'r',nr,0.14398107514716685,vanru,vanru,9,54341,low,med,pseudo
923,s190,923,231,3, 'r' 'u',ru,0.10399427800439298,vanru,vanru,9,705492,med,med,pseudo
924,s190,924,232,0,'v' 'o',vo,0.231931195827201,vodka,vodka,9,368238,low,low,med
925,s190,925,232,1, 'o' 'd',od,0.21599488402716815,vodka,vodka,9,1013147,med,low,med
926,s190,926,232,2, 'd' 'k',dk,0.20798689895309508,vodka,vodka,9,5347,low,low,med
927,s190,927,232,3, 'k' 'a',ka,0.20812919503077865,vodka,vodka,9,60568,low,low,med
928,s190,928,233,0,'k' 'r',kr,0.08006441593170166,kremp,kremo,9,5683,low,med,pseudo
929,s190,929,233,1, 'r' 'e',re,0.14403210394084454,kremp,kremo,9,10687711,high,med,pseudo
930,s190,930,233,2, 'e' 'm',em,0.06402912200428545,kremp,kremo,9,2039661,med,med,pseudo
931,s190,931,233,3, 'm' 'o',mp,0.15194531599991024,kremp,kremo,9,1042198,med,med,pseudo
932,s190,932,234,0,'t' 'h',th,0.07992625515908003,think,think,9,22288309,high,high,high
933,s190,933,234,1, 'h' 'i',hi,0.14411341887898743,think,think,9,6198006,high,high,high
934,s190,934,234,2, 'i' 'n',in,0.11988231493160129,think,think,9,13597302,high,high,high
935,s190,935,234,3, 'n' 'k',nk,0.09612024202942848,think,think,9,445067,low,high,high
936,s190,936,235,0,'t' 'h',th,0.10403371695429087,theme,theme,8,22288309,high,high,med
937,s190,937,235,1, 'h' 'e',he,0.11198066221550107,theme,theme,8,21484684,high,high,med
938,s190,938,235,2, 'e' 'm',em,0.10407702182419598,theme,theme,8,2039661,med,high,med
939,s190,939,235,3, 'm' 'e',me,0.07202299311757088,theme,theme,8,4724108,med,high,med
940,s190,940,236,0,'z' 'i',zi,0.13602110208012164,zibja,zibka,9,54565,low,low,pseudo
941,s190,941,236,1, 'i' 'b',ib,0.16789857391268015,zibja,zibka,9,493267,low,low,pseudo
942,s190,942,236,2, 'b' 'k',bj,0.17599032004363835,zibja,zibka,9,105433,low,low,pseudo
943,s190,943,236,3, 'k' 'a',ja,0.23213682090863585,zibja,zibka,9,40073,low,low,pseudo
944,s190,944,237,0,'t' 'h',th,0.0560033330693841,theme,theme,9,22288309,high,high,med
945,s190,945,237,1, 'h' 'e',he,0.16802794206887484,theme,theme,9,21484684,high,high,med
946,s190,946,237,2, 'e' 'm',em,0.12788875796832144,theme,theme,9,2039661,med,high,med
947,s190,947,237,3, 'm' 'e',me,0.07200586888939142,theme,theme,9,4724108,med,high,med
948,s190,948,238,0,'c' 'h',ch,0.08805137104354799,champ,champ,9,3267507,med,med,med
949,s190,949,238,1, 'h' 'a',ha,0.09597463300451636,champ,champ,9,6967591,high,med,med
950,s190,950,238,2, 'a' 'm',am,0.08799296501092613,champ,champ,9,1610395,med,med,med
951,s190,951,238,3, 'm' 'p',mp,0.1599261451046914,champ,champ,9,1042198,med,med,med
952,s190,952,239,0,'h' 'a',ha,0.20001772209070623,haole,haloe,9,6967591,high,med,low
953,s190,953,239,1, 'a' 'l',ao,0.13594057806767523,haole,haloe,9,25487,low,med,low
954,s190,954,239,2, 'l' 'o',ol,0.224003363866359,haole,haloe,9,1804856,med,med,low
955,s190,955,239,3, 'o' 'e',le,0.12804461806081235,haole,haloe,9,5038239,high,med,low
